Time,GAS FIRED FURNACE:DesPer 1:Des Heat Mass Flow [kg/s],GAS FIRED FURNACE:DesPer 1:Des Heat Cap [W],GAS FIRED FURNACE:DesPer 1:Des Cool Mass Flow [kg/s],GAS FIRED FURNACE:DesPer 1:Des Sens Cool Cap [W],GAS FIRED FURNACE:DesPer 1:Des Tot Cool Cap [W],GAS FIRED FURNACE:DesPer 2:Des Heat Mass Flow [kg/s],GAS FIRED FURNACE:DesPer 2:Des Heat Cap [W],GAS FIRED FURNACE:DesPer 2:Des Cool Mass Flow [kg/s],GAS FIRED FURNACE:DesPer 2:Des Sens Cool Cap [W],GAS FIRED FURNACE:DesPer 2:Des Tot Cool Cap [W],GAS FIRED FURNACE:DesPer 3:Des Heat Mass Flow [kg/s],GAS FIRED FURNACE:DesPer 3:Des Heat Cap [W],GAS FIRED FURNACE:DesPer 3:Des Cool Mass Flow [kg/s],GAS FIRED FURNACE:DesPer 3:Des Sens Cool Cap [W],GAS FIRED FURNACE:DesPer 3:Des Tot Cool Cap [W],GAS FIRED FURNACE:DesPer 4:Des Heat Mass Flow [kg/s],GAS FIRED FURNACE:DesPer 4:Des Heat Cap [W],GAS FIRED FURNACE:DesPer 4:Des Cool Mass Flow [kg/s],GAS FIRED FURNACE:DesPer 4:Des Sens Cool Cap [W],GAS FIRED FURNACE:DesPer 4:Des Tot Cool Cap [W],GAS FIRED FURNACE:DesPer 5:Des Heat Mass Flow [kg/s],GAS FIRED FURNACE:DesPer 5:Des Heat Cap [W],GAS FIRED FURNACE:DesPer 5:Des Cool Mass Flow [kg/s],GAS FIRED FURNACE:DesPer 5:Des Sens Cool Cap [W],GAS FIRED FURNACE:DesPer 5:Des Tot Cool Cap [W],GAS FIRED FURNACE:DesPer 6:Des Heat Mass Flow [kg/s],GAS FIRED FURNACE:DesPer 6:Des Heat Cap [W],GAS FIRED FURNACE:DesPer 6:Des Cool Mass Flow [kg/s],GAS FIRED FURNACE:DesPer 6:Des Sens Cool Cap [W],GAS FIRED FURNACE:DesPer 6:Des Tot Cool Cap [W],GAS FIRED FURNACE:DesPer 7:Des Heat Mass Flow [kg/s],GAS FIRED FURNACE:DesPer 7:Des Heat Cap [W],GAS FIRED FURNACE:DesPer 7:Des Cool Mass Flow [kg/s],GAS FIRED FURNACE:DesPer 7:Des Sens Cool Cap [W],GAS FIRED FURNACE:DesPer 7:Des Tot Cool Cap [W]
00:10:00,0.000000E+00,0.000000E+00,0.000000E+00,0.000000E+00,0.000000E+00,0.000000E+00,0.000000E+00,0.000000E+00,0.000000E+00,0.000000E+00,0.000000E+00,0.000000E+00,0.000000E+00,0.000000E+00,0.000000E+00,0.000000E+00,0.000000E+00,0.000000E+00,0.000000E+00,0.000000E+00,1.472478E+00,9.425254E+04,0.000000E+00,0.000000E+00,0.000000E+00,9.286424E-01,4.227189E+04,0.000000E+00,0.000000E+00,0.000000E+00,1.458578E+00,9.233687E+04,0.000000E+00,0.000000E+00,0.000000E+00
00:20:00,0.000000E+00,0.000000E+00,0.000000E+00,0.000000E+00,0.000000E+00,9.685224E-04,2.122805E+01,0.000000E+00,0.000000E+00,0.000000E+00,0.000000E+00,0.000000E+00,0.000000E+00,0.000000E+00,0.000000E+00,0.000000E+00,0.000000E+00,0.000000E+00,0.000000E+00,0.000000E+00,1.472484E+00,9.425297E+04,0.000000E+00,0.000000E+00,0.000000E+00,9.286468E-01,4.227209E+04,0.000000E+00,0.000000E+00,0.000000E+00,1.458585E+00,9.233729E+04,0.000000E+00,0.000000E+00,0.000000E+00
00:30:00,0.000000E+00,0.000000E+00,0.000000E+00,0.000000E+00,0.000000E+00,2.007209E-03,4.418153E+01,0.000000E+00,0.000000E+00,0.000000E+00,0.000000E+00,0.000000E+00,0.000000E+00,0.000000E+00,0.000000E+00,0.000000E+00,0.000000E+00,0.000000E+00,0.000000E+00,0.000000E+00,1.472487E+00,9.425317E+04,0.000000E+00,0.000000E+00,0.000000E+00,9.286488E-01,4.227218E+04,0.000000E+00,0.000000E+00,0.000000E+00,1.458588E+00,9.233749E+04,0.000000E+00,0.000000E+00,0.000000E+00
00:40:00,0.000000E+00,0.000000E+00,0.000000E+00,0.000000E+00,0.000000E+00,3.420356E-03,7.560655E+01,0.000000E+00,0.000000E+00,0.000000E+00,0.000000E+00,0.000000E+00,0.000000E+00,0.000000E+00,0.000000E+00,0.000000E+00,0.000000E+00,0.000000E+00,0.000000E+00,0.000000E+00,1.472489E+00,9.425326E+04,0.000000E+00,0.000000E+00,0.000000E+00,9.286498E-01,4.227222E+04,0.000000E+00,0.000000E+00,0.000000E+00,1.458589E+00,9.233758E+04,0.000000E+00,0.000000E+00,0.000000E+00
00:50:00,0.000000E+00,0.000000E+00,0.000000E+00,0.000000E+00,0.000000E+00,5.194696E-03,1.153136E+02,0.000000E+00,0.000000E+00,0.000000E+00,0.000000E+00,0.000000E+00,0.000000E+00,0.000000E+00,0.000000E+00,0.000000E+00,0.000000E+00,0.000000E+00,0.000000E+00,0.000000E+00,1.472489E+00,9.425330E+04,0.000000E+00,0.000000E+00,0.000000E+00,9.286502E-01,4.227224E+04,0.000000E+00,0.000000E+00,0.000000E+00,1.458590E+00,9.233762E+04,0.000000E+00,0.000000E+00,0.000000E+00
01:00:00,0.000000E+00,0.000000E+00,0.000000E+00,0.000000E+00,0.000000E+00,7.303213E-03,1.628016E+02,0.000000E+00,0.000000E+00,0.000000E+00,0.000000E+00,0.000000E+00,0.000000E+00,0.000000E+00,0.000000E+00,0.000000E+00,0.000000E+00,0.000000E+00,0.000000E+00,0.000000E+00,1.472490E+00,9.425332E+04,0.000000E+00,0.000000E+00,0.000000E+00,9.286504E-01,4.227225E+04,0.000000E+00,0.000000E+00,0.000000E+00,1.458590E+00,9.233764E+04,0.000000E+00,0.000000E+00,0.000000E+00
01:10:00,0.000000E+00,0.000000E+00,0.000000E+00,0.000000E+00,0.000000E+00,9.660151E-03,2.159438E+02,0.000000E+00,0.000000E+00,0.000000E+00,0.000000E+00,0.000000E+00,0.000000E+00,0.000000E+00,0.000000E+00,0.000000E+00,0.000000E+00,0.000000E+00,0.000000E+00,0.000000E+00,1.472490E+00,9.425333E+04,0.000000E+00,0.000000E+00,0.000000E+00,9.286505E-01,4.227226E+04,0.000000E+00,0.000000E+00,0.000000E+00,1.458590E+00,9.233764E+04,0.000000E+00,0.000000E+00,0.000000E+00
01:20:00,0.000000E+00,0.000000E+00,0.000000E+00,0.000000E+00,0.000000E+00,1.128001E-02,2.528570E+02,0.000000E+00,0.000000E+00,0.000000E+00,0.000000E+00,0.000000E+00,0.000000E+00,0.000000E+00,0.000000E+00,0.000000E+00,0.000000E+00,0.000000E+00,0.000000E+00,0.000000E+00,1.472490E+00,9.425333E+04,0.000000E+00,0.000000E+00,0.000000E+00,9.286505E-01,4.227226E+04,0.000000E+00,0.000000E+00,0.000000E+00,1.458590E+00,9.233765E+04,0.000000E+00,0.000000E+00,0.000000E+00
01:30:00,0.000000E+00,0.000000E+00,0.000000E+00,0.000000E+00,0.000000E+00,1.305681E-02,2.934998E+02,0.000000E+00,0.000000E+00,0.000000E+00,0.000000E+00,0.000000E+00,0.000000E+00,0.000000E+00,0.000000E+00,0.000000E+00,0.000000E+00,0.000000E+00,0.000000E+00,0.000000E+00,1.472490E+00,9.425333E+04,0.000000E+00,0.000000E+00,0.000000E+00,9.286505E-01,4.227226E+04,0.000000E+00,0.000000E+00,0.000000E+00,1.458590E+00,9.233765E+04,0.000000E+00,0.000000E+00,0.000000E+00
01:40:00,0.000000E+00,0.000000E+00,0.000000E+00,0.000000E+00,0.000000E+00,1.468554E-02,3.310267E+02,0.000000E+00,0.000000E+00,0.000000E+00,0.000000E+00,0.000000E+00,0.000000E+00,0.000000E+00,0.000000E+00,0.000000E+00,0.000000E+00,0.000000E+00,0.000000E+00,0.000000E+00,1.472490E+00,9.425333E+04,0.000000E+00,0.000000E+00,0.000000E+00,9.286505E-01,4.227226E+04,0.000000E+00,0.000000E+00,0.000000E+00,1.458590E+00,9.233765E+04,0.000000E+00,0.000000E+00,0.000000E+00
01:50:00,0.000000E+00,0.000000E+00,0.000000E+00,0.000000E+00,0.000000E+00,1.617979E-02,3.657164E+02,0.000000E+00,0.000000E+00,0.000000E+00,0.000000E+00,0.000000E+00,0.000000E+00,0.000000E+00,0.000000E+00,0.000000E+00,0.000000E+00,0.000000E+00,0.000000E+00,0.000000E+00,1.472490E+00,9.425334E+04,0.000000E+00,0.000000E+00,0.000000E+00,9.286505E-01,4.227226E+04,0.000000E+00,0.000000E+00,0.000000E+00,1.458590E+00,9.233765E+04,0.000000E+00,0.000000E+00,0.000000E+00
02:00:00,0.000000E+00,0.000000E+00,0.000000E+00,0.000000E+00,0.000000E+00,1.756718E-02,3.981706E+02,0.000000E+00,0.000000E+00,0.000000E+00,0.000000E+00,0.000000E+00,0.000000E+00,0.000000E+00,0.000000E+00,0.000000E+00,0.000000E+00,0.000000E+00,0.000000E+00,0.000000E+00,1.472490E+00,9.425334E+04,0.000000E+00,0.000000E+00,0.000000E+00,9.286505E-01,4.227226E+04,0.000000E+00,0.000000E+00,0.000000E+00,1.458590E+00,9.233765E+04,0.000000E+00,0.000000E+00,0.000000E+00
02:10:00,0.000000E+00,0.000000E+00,0.000000E+00,0.000000E+00,0.000000E+00,1.889006E-02,4.290370E+02,0.000000E+00,0.000000E+00,0.000000E+00,0.000000E+00,0.000000E+00,0.000000E+00,0.000000E+00,0.000000E+00,0.000000E+00,0.000000E+00,0.000000E+00,0.000000E+00,0.000000E+00,1.472490E+00,9.425334E+04,0.000000E+00,0.000000E+00,0.000000E+00,9.286505E-01,4.227226E+04,0.000000E+00,0.000000E+00,0.000000E+00,1.458590E+00,9.233765E+04,0.000000E+00,0.000000E+00,0.000000E+00
02:20:00,0.000000E+00,0.000000E+00,0.000000E+00,0.000000E+00,0.000000E+00,2.015686E-02,4.587509E+02,0.000000E+00,0.000000E+00,0.000000E+00,0.000000E+00,0.000000E+00,0.000000E+00,0.000000E+00,0.000000E+00,0.000000E+00,0.000000E+00,0.000000E+00,0.000000E+00,0.000000E+00,1.472490E+00,9.425334E+04,0.000000E+00,0.000000E+00,0.000000E+00,9.286505E-01,4.227226E+04,0.000000E+00,0.000000E+00,0.000000E+00,1.458590E+00,9.233765E+04,0.000000E+00,0.000000E+00,0.000000E+00
02:30:00,0.000000E+00,0.000000E+00,0.000000E+00,0.000000E+00,0.000000E+00,2.136977E-02,4.873540E+02,0.000000E+00,0.000000E+00,0.000000E+00,0.000000E+00,0.000000E+00,0.000000E+00,0.000000E+00,0.000000E+00,0.000000E+00,0.000000E+00,0.000000E+00,0.000000E+00,0.000000E+00,1.472490E+00,9.425334E+04,0.000000E+00,0.000000E+00,0.000000E+00,9.286505E-01,4.227226E+04,0.000000E+00,0.000000E+00,0.000000E+00,1.458590E+00,9.233765E+04,0.000000E+00,0.000000E+00,0.000000E+00
02:40:00,0.000000E+00,0.000000E+00,0.000000E+00,0.000000E+00,0.000000E+00,2.252912E-02,5.148467E+02,0.000000E+00,0.000000E+00,0.000000E+00,0.000000E+00,0.000000E+00,0.000000E+00,0.000000E+00,0.000000E+00,0.000000E+00,0.000000E+00,0.000000E+00,0.000000E+00,0.000000E+00,1.472490E+00,9.425334E+04,0.000000E+00,0.000000E+00,0.000000E+00,9.286505E-01,4.227226E+04,0.000000E+00,0.000000E+00,0.000000E+00,1.458590E+00,9.233765E+04,0.000000E+00,0.000000E+00,0.000000E+00
02:50:00,0.000000E+00,0.000000E+00,0.000000E+00,0.000000E+00,0.000000E+00,2.363478E-02,5.412180E+02,0.000000E+00,0.000000E+00,0.000000E+00,0.000000E+00,0.000000E+00,0.000000E+00,0.000000E+00,0.000000E+00,0.000000E+00,0.000000E+00,0.000000E+00,0.000000E+00,0.000000E+00,1.472490E+00,9.425334E+04,0.000000E+00,0.000000E+00,0.000000E+00,9.286505E-01,4.227226E+04,0.000000E+00,0.000000E+00,0.000000E+00,1.458590E+00,9.233765E+04,0.000000E+00,0.000000E+00,0.000000E+00
03:00:00,0.000000E+00,0.000000E+00,0.000000E+00,0.000000E+00,0.000000E+00,2.468642E-02,5.664532E+02,0.000000E+00,0.000000E+00,0.000000E+00,0.000000E+00,0.000000E+00,0.000000E+00,0.000000E+00,0.000000E+00,0.000000E+00,0.000000E+00,0.000000E+00,0.000000E+00,0.000000E+00,1.472490E+00,9.425334E+04,0.000000E+00,0.000000E+00,0.000000E+00,9.286505E-01,4.227226E+04,0.000000E+00,0.000000E+00,0.000000E+00,1.458590E+00,9.233765E+04,0.000000E+00,0.000000E+00,0.000000E+00
03:10:00,0.000000E+00,0.000000E+00,0.000000E+00,0.000000E+00,0.000000E+00,2.572783E-02,5.915516E+02,0.000000E+00,0.000000E+00,0.000000E+00,0.000000E+00,0.000000E+00,0.000000E+00,0.000000E+00,0.000000E+00,0.000000E+00,0.000000E+00,0.000000E+00,0.000000E+00,0.000000E+00,1.472490E+00,9.425334E+04,0.000000E+00,0.000000E+00,0.000000E+00,9.286505E-01,4.227226E+04,0.000000E+00,0.000000E+00,0.000000E+00,1.458590E+00,9.233765E+04,0.000000E+00,0.000000E+00,0.000000E+00
03:20:00,0.000000E+00,0.000000E+00,0.000000E+00,0.000000E+00,0.000000E+00,2.676794E-02,6.167172E+02,0.000000E+00,0.000000E+00,0.000000E+00,0.000000E+00,0.000000E+00,0.000000E+00,0.000000E+00,0.000000E+00,0.000000E+00,0.000000E+00,0.000000E+00,0.000000E+00,0.000000E+00,1.472490E+00,9.425334E+04,0.000000E+00,0.000000E+00,0.000000E+00,9.286505E-01,4.227226E+04,0.000000E+00,0.000000E+00,0.000000E+00,1.458590E+00,9.233765E+04,0.000000E+00,0.000000E+00,0.000000E+00
03:30:00,0.000000E+00,0.000000E+00,0.000000E+00,0.000000E+00,0.000000E+00,2.780928E-02,6.420086E+02,0.000000E+00,0.000000E+00,0.000000E+00,0.000000E+00,0.000000E+00,0.000000E+00,0.000000E+00,0.000000E+00,0.000000E+00,0.000000E+00,0.000000E+00,0.000000E+00,0.000000E+00,1.472490E+00,9.425334E+04,0.000000E+00,0.000000E+00,0.000000E+00,9.286505E-01,4.227226E+04,0.000000E+00,0.000000E+00,0.000000E+00,1.458590E+00,9.233765E+04,0.000000E+00,0.000000E+00,0.000000E+00
03:40:00,0.000000E+00,0.000000E+00,0.000000E+00,0.000000E+00,0.000000E+00,6.042201E-02,1.397733E+03,0.000000E+00,0.000000E+00,0.000000E+00,0.000000E+00,0.000000E+00,0.000000E+00,0.000000E+00,0.000000E+00,0.000000E+00,0.000000E+00,0.000000E+00,0.000000E+00,0.000000E+00,1.472490E+00,9.425334E+04,0.000000E+00,0.000000E+00,0.000000E+00,9.286505E-01,4.227226E+04,0.000000E+00,0.000000E+00,0.000000E+00,1.458590E+00,9.233765E+04,0.000000E+00,0.000000E+00,0.000000E+00
03:50:00,0.000000E+00,0.000000E+00,0.000000E+00,0.000000E+00,0.000000E+00,9.450021E-02,2.190475E+03,0.000000E+00,0.000000E+00,0.000000E+00,0.000000E+00,0.000000E+00,0.000000E+00,0.000000E+00,0.000000E+00,0.000000E+00,0.000000E+00,0.000000E+00,0.000000E+00,0.000000E+00,1.472490E+00,9.425334E+04,0.000000E+00,0.000000E+00,0.000000E+00,9.286505E-01,4.227226E+04,0.000000E+00,0.000000E+00,0.000000E+00,1.458590E+00,9.233765E+04,0.000000E+00,0.000000E+00,0.000000E+00
04:00:00,0.000000E+00,0.000000E+00,0.000000E+00,0.000000E+00,0.000000E+00,1.301066E-01,3.021896E+03,0.000000E+00,0.000000E+00,0.000000E+00,0.000000E+00,0.000000E+00,0.000000E+00,0.000000E+00,0.000000E+00,0.000000E+00,0.000000E+00,0.000000E+00,0.000000E+00,0.000000E+00,1.472490E+00,9.425334E+04,0.000000E+00,0.000000E+00,0.000000E+00,9.286505E-01,4.227226E+04,0.000000E+00,0.000000E+00,0.000000E+00,1.458590E+00,9.233765E+04,0.000000E+00,0.000000E+00,0.000000E+00
04:10:00,0.000000E+00,0.000000E+00,0.000000E+00,0.000000E+00,0.000000E+00,1.666567E-01,3.876011E+03,0.000000E+00,0.000000E+00,0.000000E+00,0.000000E+00,0.000000E+00,0.000000E+00,0.000000E+00,0.000000E+00,0.000000E+00,0.000000E+00,0.000000E+00,0.000000E+00,0.000000E+00,1.472490E+00,9.425334E+04,0.000000E+00,0.000000E+00,0.000000E+00,9.286505E-01,4.227226E+04,0.000000E+00,0.000000E+00,0.000000E+00,1.458590E+00,9.233765E+04,0.000000E+00,0.000000E+00,0.000000E+00
04:20:00,0.000000E+00,0.000000E+00,0.000000E+00,0.000000E+00,0.000000E+00,2.041822E-01,4.755118E+03,0.000000E+00,0.000000E+00,0.000000E+00,0.000000E+00,0.000000E+00,0.000000E+00,0.000000E+00,0.000000E+00,0.000000E+00,0.000000E+00,0.000000E+00,0.000000E+00,0.000000E+00,1.472490E+00,9.425334E+04,0.000000E+00,0.000000E+00,0.000000E+00,9.286505E-01,4.227226E+04,0.000000E+00,0.000000E+00,0.000000E+00,1.458590E+00,9.233765E+04,0.000000E+00,0.000000E+00,0.000000E+00
04:30:00,0.000000E+00,0.000000E+00,0.000000E+00,0.000000E+00,0.000000E+00,2.426550E-01,5.658655E+03,0.000000E+00,0.000000E+00,0.000000E+00,0.000000E+00,0.000000E+00,0.000000E+00,0.000000E+00,0.000000E+00,0.000000E+00,0.000000E+00,0.000000E+00,0.000000E+00,0.000000E+00,1.472490E+00,9.425334E+04,0.000000E+00,0.000000E+00,0.000000E+00,9.286505E-01,4.227226E+04,0.000000E+00,0.000000E+00,0.000000E+00,1.458590E+00,9.233765E+04,0.000000E+00,0.000000E+00,0.000000E+00
04:40:00,0.000000E+00,0.000000E+00,0.000000E+00,0.000000E+00,0.000000E+00,2.483498E-01,5.799191E+03,0.000000E+00,0.000000E+00,0.000000E+00,0.000000E+00,0.000000E+00,0.000000E+00,0.000000E+00,0.000000E+00,0.000000E+00,0.000000E+00,0.000000E+00,0.000000E+00,0.000000E+00,1.472490E+00,9.425334E+04,0.000000E+00,0.000000E+00,0.000000E+00,9.286505E-01,4.227226E+04,0.000000E+00,0.000000E+00,0.000000E+00,1.458590E+00,9.233765E+04,0.000000E+00,0.000000E+00,0.000000E+00
04:50:00,0.000000E+00,0.000000E+00,0.000000E+00,0.000000E+00,0.000000E+00,2.499974E-01,5.845453E+03,0.000000E+00,0.000000E+00,0.000000E+00,0.000000E+00,0.000000E+00,0.000000E+00,0.000000E+00,0.000000E+00,0.000000E+00,0.000000E+00,0.000000E+00,0.000000E+00,0.000000E+00,1.472490E+00,9.425334E+04,0.000000E+00,0.000000E+00,0.000000E+00,9.286505E-01,4.227226E+04,0.000000E+00,0.000000E+00,0.000000E+00,1.458590E+00,9.233765E+04,0.000000E+00,0.000000E+00,0.000000E+00
05:00:00,0.000000E+00,0.000000E+00,0.000000E+00,0.000000E+00,0.000000E+00,2.460583E-01,5.761015E+03,0.000000E+00,0.000000E+00,0.000000E+00,0.000000E+00,0.000000E+00,0.000000E+00,0.000000E+00,0.000000E+00,0.000000E+00,0.000000E+00,0.000000E+00,0.000000E+00,0.000000E+00,1.472490E+00,9.425334E+04,0.000000E+00,0.000000E+00,0.000000E+00,9.286505E-01,4.227226E+04,0.000000E+00,0.000000E+00,0.000000E+00,1.458590E+00,9.233765E+04,0.000000E+00,0.000000E+00,0.000000E+00
05:10:00,0.000000E+00,0.000000E+00,0.000000E+00,0.000000E+00,0.000000E+00,2.340828E-01,5.473337E+03,0.000000E+00,0.000000E+00,0.000000E+00,0.000000E+00,0.000000E+00,0.000000E+00,0.000000E+00,0.000000E+00,0.000000E+00,0.000000E+00,0.000000E+00,0.000000E+00,0.000000E+00,1.415823E+00,9.062613E+04,0.000000E+00,0.000000E+00,0.000000E+00,8.763812E-01,3.989295E+04,0.000000E+00,0.000000E+00,0.000000E+00,1.401965E+00,8.875291E+04,0.000000E+00,0.000000E+00,0.000000E+00
05:20:00,0.000000E+00,0.000000E+00,0.000000E+00,0.000000E+00,0.000000E+00,2.135550E-01,4.986702E+03,0.000000E+00,0.000000E+00,0.000000E+00,0.000000E+00,0.000000E+00,0.000000E+00,0.000000E+00,0.000000E+00,0.000000E+00,0.000000E+00,0.000000E+00,0.000000E+00,0.000000E+00,1.349736E+00,8.639591E+04,0.000000E+00,0.000000E+00,0.000000E+00,8.160158E-01,3.714512E+04,0.000000E+00,0.000000E+00,0.000000E+00,1.335916E+00,8.457164E+04,0.000000E+00,0.000000E+00,0.000000E+00
05:30:00,0.000000E+00,0.000000E+00,0.000000E+00,0.000000E+00,0.000000E+00,1.843065E-01,4.297982E+03,0.000000E+00,0.000000E+00,0.000000E+00,0.000000E+00,0.000000E+00,0.000000E+00,0.000000E+00,0.000000E+00,0.000000E+00,0.000000E+00,0.000000E+00,0.000000E+00,0.000000E+00,1.282240E+00,8.207554E+04,0.000000E+00,0.000000E+00,0.000000E+00,7.545476E-01,3.434708E+04,0.000000E+00,0.000000E+00,0.000000E+00,1.268455E+00,8.030092E+04,0.000000E+00,0.000000E+00,0.000000E+00
05:40:00,0.000000E+00,0.000000E+00,0.000000E+00,0.000000E+00,0.000000E+00,1.483587E-01,3.455067E+03,0.000000E+00,0.000000E+00,0.000000E+00,0.000000E+00,0.000000E+00,0.000000E+00,0.000000E+00,0.000000E+00,0.000000E+00,0.000000E+00,0.000000E+00,0.000000E+00,0.000000E+00,1.214409E+00,7.773372E+04,0.000000E+00,0.000000E+00,0.000000E+00,6.928327E-01,3.153781E+04,0.000000E+00,0.000000E+00,0.000000E+00,1.200657E+00,7.600893E+04,0.000000E+00,0.000000E+00,0.000000E+00
05:50:00,0.000000E+00,0.000000E+00,0.000000E+00,0.000000E+00,0.000000E+00,1.082586E-01,2.517820E+03,0.000000E+00,0.000000E+00,0.000000E+00,0.000000E+00,0.000000E+00,0.000000E+00,0.000000E+00,0.000000E+00,0.000000E+00,0.000000E+00,0.000000E+00,0.000000E+00,0.000000E+00,1.146426E+00,7.338214E+04,0.000000E+00,0.000000E+00,0.000000E+00,6.310071E-01,2.872350E+04,0.000000E+00,0.000000E+00,0.000000E+00,1.132707E+00,7.170724E+04,0.000000E+00,0.000000E+00,0.000000E+00
06:00:00,0.000000E+00,0.000000E+00,0.000000E+00,0.000000E+00,0.000000E+00,7.204371E-02,1.673309E+03,0.000000E+00,0.000000E+00,0.000000E+00,0.000000E+00,0.000000E+00,0.000000E+00,0.000000E+00,0.000000E+00,0.000000E+00,0.000000E+00,0.000000E+00,0.000000E+00,0.000000E+00,1.078383E+00,6.902672E+04,0.000000E+00,0.000000E+00,0.000000E+00,5.691380E-01,2.590722E+04,0.000000E+00,0.000000E+00,0.000000E+00,1.064696E+00,6.740175E+04,0.000000E+00,0.000000E+00,0.000000E+00
06:10:00,0.000000E+00,0.000000E+00,0.000000E+00,0.000000E+00,0.000000E+00,4.274793E-02,9.882156E+02,0.000000E+00,0.000000E+00,0.000000E+00,0.000000E+00,0.000000E+00,0.000000E+00,0.000000E+00,0.000000E+00,0.000000E+00,0.000000E+00,0.000000E+00,0.000000E+00,0.000000E+00,1.045153E+00,6.689971E+04,0.000000E+00,0.000000E+00,0.000000E+00,5.481548E-01,2.495206E+04,0.000000E+00,0.000000E+00,0.000000E+00,1.031886E+00,6.532464E+04,0.000000E+00,0.000000E+00,0.000000E+00
06:20:00,0.000000E+00,0.000000E+00,0.000000E+00,0.000000E+00,0.000000E+00,2.085500E-02,4.798370E+02,0.000000E+00,0.000000E+00,0.000000E+00,0.000000E+00,0.000000E+00,0.000000E+00,0.000000E+00,0.000000E+00,0.000000E+00,0.000000E+00,0.000000E+00,0.000000E+00,0.000000E+00,1.021320E+00,6.537417E+04,0.000000E+00,0.000000E+00,0.000000E+00,5.352505E-01,2.436465E+04,0.000000E+00,0.000000E+00,0.000000E+00,1.008474E+00,6.384252E+04,0.000000E+00,0.000000E+00,0.000000E+00
06:30:00,0.000000E+00,0.000000E+00,0.000000E+00,0.000000E+00,0.000000E+00,6.560960E-03,1.502409E+02,0.000000E+00,0.000000E+00,0.000000E+00,0.000000E+00,0.000000E+00,0.000000E+00,0.000000E+00,0.000000E+00,0.000000E+00,0.000000E+00,0.000000E+00,0.000000E+00,0.000000E+00,9.988712E-01,6.393724E+04,0.000000E+00,0.000000E+00,0.000000E+00,5.234340E-01,2.382677E+04,0.000000E+00,0.000000E+00,0.000000E+00,9.864498E-01,6.244828E+04,0.000000E+00,0.000000E+00,0.000000E+00
06:40:00,0.000000E+00,0.000000E+00,0.000000E+00,0.000000E+00,0.000000E+00,0.000000E+00,0.000000E+00,0.000000E+00,0.000000E+00,0.000000E+00,0.000000E+00,0.000000E+00,0.000000E+00,0.000000E+00,0.000000E+00,0.000000E+00,0.000000E+00,0.000000E+00,0.000000E+00,0.000000E+00,9.767437E-01,6.252087E+04,0.000000E+00,0.000000E+00,0.000000E+00,5.118513E-01,2.329952E+04,0.000000E+00,0.000000E+00,0.000000E+00,9.647476E-01,6.107440E+04,0.000000E+00,0.000000E+00,0.000000E+00
06:50:00,0.000000E+00,0.000000E+00,0.000000E+00,0.000000E+00,0.000000E+00,0.000000E+00,0.000000E+00,0.000000E+00,0.000000E+00,0.000000E+00,0.000000E+00,0.000000E+00,0.000000E+00,0.000000E+00,0.000000E+00,0.000000E+00,0.000000E+00,0.000000E+00,0.000000E+00,0.000000E+00,9.547650E-01,6.111402E+04,0.000000E+00,0.000000E+00,0.000000E+00,5.003724E-01,2.277700E+04,0.000000E+00,0.000000E+00,0.000000E+00,9.431946E-01,5.970997E+04,0.000000E+00,0.000000E+00,0.000000E+00
07:00:00,0.000000E+00,0.000000E+00,1.175444E-02,1.031975E+02,2.554356E+02,0.000000E+00,0.000000E+00,0.000000E+00,0.000000E+00,0.000000E+00,0.000000E+00,0.000000E+00,0.000000E+00,0.000000E+00,0.000000E+00,0.000000E+00,0.000000E+00,0.000000E+00,0.000000E+00,0.000000E+00,9.328451E-01,5.971094E+04,0.000000E+00,0.000000E+00,0.000000E+00,4.889336E-01,2.225630E+04,0.000000E+00,0.000000E+00,0.000000E+00,9.217005E-01,5.834926E+04,0.000000E+00,0.000000E+00,0.000000E+00
07:10:00,0.000000E+00,0.000000E+00,5.784410E-02,5.231553E+02,1.272709E+03,0.000000E+00,0.000000E+00,0.000000E+00,0.000000E+00,0.000000E+00,0.000000E+00,0.000000E+00,0.000000E+00,0.000000E+00,0.000000E+00,0.000000E+00,0.000000E+00,0.000000E+00,0.000000E+00,0.000000E+00,9.327771E-01,5.970659E+04,0.000000E+00,0.000000E+00,0.000000E+00,4.888766E-01,2.225371E+04,0.000000E+00,0.000000E+00,0.000000E+00,9.216306E-01,5.834483E+04,0.000000E+00,0.000000E+00,0.000000E+00
07:20:00,0.000000E+00,0.000000E+00,1.359098E-01,1.265185E+03,3.027228E+03,0.000000E+00,0.000000E+00,0.000000E+00,0.000000E+00,0.000000E+00,0.000000E+00,0.000000E+00,0.000000E+00,0.000000E+00,0.000000E+00,0.000000E+00,0.000000E+00,0.000000E+00,0.000000E+00,0.000000E+00,9.327317E-01,5.970368E+04,0.000000E+00,0.000000E+00,0.000000E+00,4.888357E-01,2.225185E+04,0.000000E+00,0.000000E+00,0.000000E+00,9.215836E-01,5.834185E+04,0.000000E+00,0.000000E+00,0.000000E+00
07:30:00,0.000000E+00,0.000000E+00,2.473585E-01,2.368158E+03,5.576752E+03,0.000000E+00,0.000000E+00,0.000000E+00,0.000000E+00,0.000000E+00,0.000000E+00,0.000000E+00,0.000000E+00,0.000000E+00,0.000000E+00,0.000000E+00,0.000000E+00,0.000000E+00,0.000000E+00,0.000000E+00,9.327096E-01,5.970227E+04,0.000000E+00,0.000000E+00,0.000000E+00,4.888089E-01,2.225063E+04,0.000000E+00,0.000000E+00,0.000000E+00,9.215606E-01,5.834040E+04,0.000000E+00,0.000000E+00,0.000000E+00
07:40:00,0.000000E+00,0.000000E+00,4.495670E-01,4.423096E+03,1.025760E+04,0.000000E+00,0.000000E+00,0.000000E+00,0.000000E+00,0.000000E+00,0.000000E+00,0.000000E+00,0.000000E+00,0.000000E+00,0.000000E+00,0.000000E+00,0.000000E+00,0.000000E+00,0.000000E+00,0.000000E+00,9.327011E-01,5.970172E+04,0.000000E+00,0.000000E+00,0.000000E+00,4.887948E-01,2.224999E+04,0.000000E+00,0.000000E+00,0.000000E+00,9.215516E-01,5.833983E+04,0.000000E+00,0.000000E+00,0.000000E+00
07:50:00,0.000000E+00,0.000000E+00,6.659727E-01,6.728556E+03,1.537600E+04,0.000000E+00,0.000000E+00,0.000000E+00,0.000000E+00,0.000000E+00,0.000000E+00,0.000000E+00,2.922484E-02,2.394718E+02,7.760784E+02,0.000000E+00,0.000000E+00,2.922484E-02,2.394718E+02,7.760784E+02,9.326961E-01,5.970140E+04,0.000000E+00,0.000000E+00,0.000000E+00,4.887874E-01,2.224965E+04,0.000000E+00,0.000000E+00,0.000000E+00,9.215464E-01,5.833950E+04,0.000000E+00,0.000000E+00,0.000000E+00
08:00:00,0.000000E+00,0.000000E+00,8.854403E-01,9.180361E+03,2.068340E+04,0.000000E+00,0.000000E+00,0.000000E+00,0.000000E+00,0.000000E+00,0.000000E+00,0.000000E+00,9.161312E-02,7.749462E+02,2.518856E+03,0.000000E+00,0.000000E+00,9.161312E-02,7.749462E+02,2.518856E+03,9.326922E-01,5.970115E+04,0.000000E+00,0.000000E+00,0.000000E+00,4.887831E-01,2.224945E+04,0.000000E+00,0.000000E+00,0.000000E+00,9.215424E-01,5.833925E+04,0.000000E+00,0.000000E+00,0.000000E+00
08:10:00,0.000000E+00,0.000000E+00,1.085018E+00,1.157070E+04,2.567455E+04,0.000000E+00,0.000000E+00,0.000000E+00,0.000000E+00,0.000000E+00,0.000000E+00,0.000000E+00,1.898135E-01,1.661785E+03,5.420355E+03,0.000000E+00,0.000000E+00,1.897649E-01,1.661359E+03,5.296096E+03,9.326895E-01,5.970098E+04,0.000000E+00,0.000000E+00,0.000000E+00,4.887804E-01,2.224933E+04,0.000000E+00,0.000000E+00,0.000000E+00,9.215397E-01,5.833908E+04,0.000000E+00,0.000000E+00,0.000000E+00
08:20:00,0.000000E+00,0.000000E+00,1.266900E+00,1.388522E+04,3.036268E+04,0.000000E+00,0.000000E+00,0.000000E+00,0.000000E+00,0.000000E+00,0.000000E+00,0.000000E+00,3.241196E-01,2.933529E+03,9.603995E+03,0.000000E+00,0.000000E+00,3.239427E-01,2.931928E+03,9.139525E+03,9.326881E-01,5.970089E+04,0.000000E+00,0.000000E+00,0.000000E+00,4.887788E-01,2.224926E+04,0.000000E+00,0.000000E+00,0.000000E+00,9.215382E-01,5.833898E+04,0.000000E+00,0.000000E+00,0.000000E+00
08:30:00,0.000000E+00,0.000000E+00,1.429549E+00,1.609089E+04,3.469438E+04,0.000000E+00,0.000000E+00,0.000000E+00,0.000000E+00,0.000000E+00,0.000000E+00,0.000000E+00,4.933973E-01,4.611633E+03,1.515674E+04,0.000000E+00,0.000000E+00,4.930094E-01,4.608007E+03,1.405968E+04,9.326876E-01,5.970086E+04,0.000000E+00,0.000000E+00,0.000000E+00,4.887779E-01,2.224922E+04,0.000000E+00,0.000000E+00,0.000000E+00,9.215377E-01,5.833895E+04,0.000000E+00,0.000000E+00,0.000000E+00
08:40:00,0.000000E+00,0.000000E+00,1.515382E+00,1.750547E+04,3.723718E+04,0.000000E+00,0.000000E+00,3.315529E-02,2.497396E+02,8.041115E+02,0.000000E+00,0.000000E+00,6.969211E-01,6.720148E+03,2.217654E+04,0.000000E+00,0.000000E+00,6.962277E-01,6.713461E+03,2.006720E+04,9.326874E-01,5.970085E+04,0.000000E+00,0.000000E+00,0.000000E+00,4.887774E-01,2.224919E+04,0.000000E+00,0.000000E+00,0.000000E+00,9.215375E-01,5.833893E+04,0.000000E+00,0.000000E+00,0.000000E+00
08:50:00,0.000000E+00,0.000000E+00,1.600644E+00,1.896408E+04,3.981785E+04,0.000000E+00,0.000000E+00,1.016432E-01,7.956988E+02,2.569027E+03,0.000000E+00,0.000000E+00,9.565983E-01,9.507203E+03,3.150656E+04,0.000000E+00,0.000000E+00,9.554679E-01,9.495970E+03,2.783032E+04,9.326873E-01,5.970084E+04,0.000000E+00,0.000000E+00,0.000000E+00,4.887771E-01,2.224918E+04,0.000000E+00,0.000000E+00,0.000000E+00,9.215374E-01,5.833893E+04,0.000000E+00,0.000000E+00,0.000000E+00
09:00:00,0.000000E+00,0.000000E+00,1.684291E+00,2.045355E+04,4.240958E+04,0.000000E+00,0.000000E+00,2.059592E-01,1.673271E+03,5.418677E+03,0.000000E+00,0.000000E+00,1.196296E+00,1.224347E+04,4.075214E+04,0.000000E+00,0.000000E+00,1.194619E+00,1.222631E+04,3.516013E+04,9.326873E-01,5.970084E+04,0.000000E+00,0.000000E+00,0.000000E+00,4.887769E-01,2.224917E+04,0.000000E+00,0.000000E+00,0.000000E+00,9.215373E-01,5.833893E+04,0.000000E+00,0.000000E+00,0.000000E+00
09:10:00,0.000000E+00,0.000000E+00,1.803094E+00,2.237368E+04,4.589036E+04,0.000000E+00,0.000000E+00,4.210242E-01,3.531998E+03,1.147114E+04,0.000000E+00,0.000000E+00,1.449449E+00,1.521815E+04,5.085770E+04,0.000000E+00,0.000000E+00,1.447113E+00,1.519362E+04,4.298605E+04,9.409925E-01,6.023245E+04,0.000000E+00,0.000000E+00,0.000000E+00,1.454862E+00,6.622547E+04,0.000000E+00,0.000000E+00,0.000000E+00,9.298338E-01,5.886414E+04,0.000000E+00,0.000000E+00,0.000000E+00
09:20:00,0.000000E+00,0.000000E+00,1.916450E+00,2.428770E+04,4.929549E+04,0.000000E+00,0.000000E+00,6.625723E-01,5.733796E+03,1.867952E+04,0.000000E+00,0.000000E+00,1.675114E+00,1.803100E+04,6.050753E+04,0.000000E+00,0.000000E+00,1.672034E+00,1.799785E+04,5.012310E+04,4.893363E+00,3.132217E+05,0.000000E+00,0.000000E+00,0.000000E+00,3.379441E+00,1.538325E+05,0.000000E+00,0.000000E+00,0.000000E+00,4.763617E+00,3.015660E+05,0.000000E+00,0.000000E+00,0.000000E+00
09:30:00,0.000000E+00,0.000000E+00,2.033521E+00,2.630981E+04,5.285874E+04,0.000000E+00,0.000000E+00,9.453336E-01,8.431073E+03,2.736960E+04,0.000000E+00,0.000000E+00,1.883455E+00,2.077229E+04,7.000218E+04,0.000000E+00,0.000000E+00,1.879649E+00,2.073033E+04,5.685925E+04,8.856561E+00,5.669040E+05,0.000000E+00,0.000000E+00,0.000000E+00,5.303602E+00,2.414205E+05,0.000000E+00,0.000000E+00,0.000000E+00,8.608004E+00,5.449391E+05,0.000000E+00,0.000000E+00,0.000000E+00
09:40:00,0.000000E+00,0.000000E+00,2.148174E+00,2.836199E+04,5.642205E+04,0.000000E+00,0.000000E+00,1.283441E+00,1.178636E+04,3.750870E+04,0.000000E+00,0.000000E+00,2.069035E+00,2.336686E+04,7.908714E+04,0.000000E+00,0.000000E+00,2.064484E+00,2.331547E+04,6.301324E+04,1.281168E+01,8.200691E+05,0.000000E+00,0.000000E+00,0.000000E+00,7.224743E+00,3.288710E+05,0.000000E+00,0.000000E+00,0.000000E+00,1.244409E+01,7.877868E+05,0.000000E+00,0.000000E+00,0.000000E+00
09:50:00,0.000000E+00,0.000000E+00,2.259894E+00,3.043539E+04,5.996976E+04,0.000000E+00,0.000000E+00,1.596953E+00,1.508830E+04,4.710671E+04,0.000000E+00,0.000000E+00,2.179992E+00,2.519719E+04,8.565931E+04,0.000000E+00,0.000000E+00,2.174709E+00,2.513612E+04,6.697044E+04,1.676086E+01,1.072854E+06,0.000000E+00,0.000000E+00,0.000000E+00,9.144619E+00,4.162639E+05,0.000000E+00,0.000000E+00,0.000000E+00,1.627410E+01,1.030250E+06,0.000000E+00,0.000000E+00,0.000000E+00
10:00:00,0.000000E+00,0.000000E+00,2.369077E+00,3.253311E+04,6.351006E+04,0.000000E+00,0.000000E+00,1.885606E+00,1.831483E+04,5.613570E+04,0.000000E+00,0.000000E+00,2.288430E+00,2.705649E+04,9.239487E+04,0.000000E+00,0.000000E+00,2.282416E+00,2.698538E+04,7.090948E+04,2.070681E+01,1.325432E+06,0.000000E+00,0.000000E+00,0.000000E+00,1.106400E+01,5.036344E+05,0.000000E+00,0.000000E+00,0.000000E+00,2.010084E+01,1.272506E+06,0.000000E+00,0.000000E+00,0.000000E+00
10:10:00,0.000000E+00,0.000000E+00,2.438973E+00,3.406276E+04,6.596790E+04,0.000000E+00,0.000000E+00,2.073214E+00,2.062141E+04,6.221988E+04,0.000000E+00,0.000000E+00,2.357924E+00,2.842900E+04,9.747453E+04,0.000000E+00,0.000000E+00,2.351235E+00,2.834837E+04,7.361311E+04,2.464243E+01,1.577349E+06,0.000000E+00,0.000000E+00,0.000000E+00,1.201706E+01,5.470178E+05,0.000000E+00,0.000000E+00,0.000000E+00,2.391724E+01,1.514107E+06,0.000000E+00,0.000000E+00,0.000000E+00
10:20:00,0.000000E+00,0.000000E+00,2.509857E+00,3.563910E+04,6.848621E+04,0.000000E+00,0.000000E+00,2.243615E+00,2.284050E+04,6.787387E+04,0.000000E+00,0.000000E+00,2.428651E+00,2.984915E+04,1.027640E+05,0.000000E+00,0.000000E+00,2.421353E+00,2.975945E+04,7.639077E+04,2.463270E+01,1.576726E+06,0.000000E+00,0.000000E+00,0.000000E+00,1.201151E+01,5.467651E+05,0.000000E+00,0.000000E+00,0.000000E+00,2.390687E+01,1.513451E+06,0.000000E+00,0.000000E+00,0.000000E+00
10:30:00,0.000000E+00,0.000000E+00,2.571959E+00,3.712182E+04,7.079672E+04,0.000000E+00,0.000000E+00,2.381626E+00,2.480190E+04,7.262220E+04,0.000000E+00,0.000000E+00,2.490860E+00,3.119567E+04,1.078470E+05,0.000000E+00,0.000000E+00,2.482914E+00,3.109616E+04,7.893018E+04,2.461134E+01,1.575359E+06,0.000000E+00,0.000000E+00,0.000000E+00,1.200632E+01,5.465288E+05,0.000000E+00,0.000000E+00,0.000000E+00,2.388511E+01,1.512073E+06,0.000000E+00,0.000000E+00,0.000000E+00
10:40:00,0.000000E+00,0.000000E+00,2.630743E+00,3.858489E+04,7.304483E+04,0.000000E+00,0.000000E+00,2.439219E+00,2.597154E+04,7.496544E+04,0.000000E+00,0.000000E+00,2.549848E+00,3.253015E+04,1.129350E+05,0.000000E+00,0.000000E+00,2.541266E+00,3.242066E+04,8.139638E+04,2.459757E+01,1.574478E+06,0.000000E+00,0.000000E+00,0.000000E+00,1.200412E+01,5.464289E+05,0.000000E+00,0.000000E+00,0.000000E+00,2.387115E+01,1.511189E+06,0.000000E+00,0.000000E+00,0.000000E+00
10:50:00,0.000000E+00,0.000000E+00,2.686104E+00,4.002442E+04,7.522524E+04,0.000000E+00,0.000000E+00,2.493239E+00,2.712922E+04,7.722573E+04,0.000000E+00,0.000000E+00,2.605410E+00,3.384770E+04,1.180114E+05,0.000000E+00,0.000000E+00,2.596206E+00,3.372813E+04,8.378060E+04,2.458943E+01,1.573957E+06,0.000000E+00,0.000000E+00,0.000000E+00,1.200318E+01,5.463859E+05,0.000000E+00,0.000000E+00,0.000000E+00,2.386297E+01,1.510671E+06,0.000000E+00,0.000000E+00,0.000000E+00
11:00:00,0.000000E+00,0.000000E+00,2.737111E+00,4.142392E+04,7.730917E+04,0.000000E+00,0.000000E+00,2.542498E+00,2.825920E+04,7.936339E+04,0.000000E+00,0.000000E+00,2.656683E+00,3.513448E+04,1.230279E+05,0.000000E+00,0.000000E+00,2.646864E+00,3.500462E+04,8.605203E+04,2.458433E+01,1.573631E+06,0.000000E+00,0.000000E+00,0.000000E+00,1.200273E+01,5.463652E+05,0.000000E+00,0.000000E+00,0.000000E+00,2.385788E+01,1.510349E+06,0.000000E+00,0.000000E+00,0.000000E+00
11:10:00,0.000000E+00,0.000000E+00,2.782682E+00,4.254701E+04,7.904057E+04,0.000000E+00,0.000000E+00,2.586849E+00,2.915507E+04,8.116288E+04,0.000000E+00,0.000000E+00,2.702562E+00,3.616217E+04,1.269950E+05,0.000000E+00,0.000000E+00,2.692150E+00,3.602284E+04,8.795604E+04,2.458114E+01,1.573426E+06,0.000000E+00,0.000000E+00,0.000000E+00,1.200250E+01,5.463550E+05,0.000000E+00,0.000000E+00,0.000000E+00,2.385471E+01,1.510148E+06,0.000000E+00,0.000000E+00,0.000000E+00
11:20:00,0.000000E+00,0.000000E+00,2.822259E+00,4.359171E+04,8.061531E+04,0.000000E+00,0.000000E+00,2.625694E+00,3.000183E+04,8.280294E+04,0.000000E+00,0.000000E+00,2.742466E+00,3.712326E+04,1.307525E+05,0.000000E+00,0.000000E+00,2.731489E+00,3.697466E+04,8.967929E+04,2.457915E+01,1.573299E+06,0.000000E+00,0.000000E+00,0.000000E+00,1.200240E+01,5.463503E+05,0.000000E+00,0.000000E+00,0.000000E+00,2.385275E+01,1.510024E+06,0.000000E+00,0.000000E+00,0.000000E+00
11:30:00,0.000000E+00,0.000000E+00,2.855641E+00,4.455209E+04,8.202474E+04,0.000000E+00,0.000000E+00,2.658558E+00,3.079141E+04,8.426590E+04,0.000000E+00,0.000000E+00,2.776180E+00,3.801202E+04,1.342783E+05,0.000000E+00,0.000000E+00,2.764669E+00,3.785441E+04,9.121198E+04,2.457791E+01,1.573220E+06,0.000000E+00,0.000000E+00,0.000000E+00,1.200235E+01,5.463480E+05,0.000000E+00,0.000000E+00,0.000000E+00,2.385154E+01,1.509948E+06,0.000000E+00,0.000000E+00,0.000000E+00
11:40:00,0.000000E+00,0.000000E+00,2.882817E+00,4.542509E+04,8.326560E+04,0.000000E+00,0.000000E+00,2.685306E+00,3.151946E+04,8.554459E+04,0.000000E+00,0.000000E+00,2.803690E+00,3.882537E+04,1.375595E+05,0.000000E+00,0.000000E+00,2.791678E+00,3.865903E+04,9.255072E+04,2.457715E+01,1.573171E+06,0.000000E+00,0.000000E+00,0.000000E+00,1.200233E+01,5.463470E+05,0.000000E+00,0.000000E+00,0.000000E+00,2.385080E+01,1.509901E+06,0.000000E+00,0.000000E+00,0.000000E+00
11:50:00,0.000000E+00,0.000000E+00,2.903870E+00,4.620911E+04,8.433728E+04,0.000000E+00,0.000000E+00,2.706010E+00,3.218394E+04,8.663832E+04,0.000000E+00,0.000000E+00,2.825074E+00,3.956151E+04,1.405876E+05,0.000000E+00,0.000000E+00,2.812595E+00,3.938676E+04,9.369517E+04,2.457667E+01,1.573140E+06,0.000000E+00,0.000000E+00,0.000000E+00,1.200231E+01,5.463465E+05,0.000000E+00,0.000000E+00,0.000000E+00,2.385033E+01,1.509871E+06,0.000000E+00,0.000000E+00,0.000000E+00
12:00:00,0.000000E+00,0.000000E+00,2.918938E+00,4.690352E+04,8.524092E+04,0.000000E+00,0.000000E+00,2.720812E+00,3.278377E+04,8.754881E+04,0.000000E+00,0.000000E+00,2.840466E+00,4.021947E+04,1.433568E+05,0.000000E+00,0.000000E+00,2.827557E+00,4.003669E+04,9.464702E+04,2.457637E+01,1.573121E+06,0.000000E+00,0.000000E+00,0.000000E+00,1.200231E+01,5.463463E+05,0.000000E+00,0.000000E+00,0.000000E+00,2.385005E+01,1.509853E+06,0.000000E+00,0.000000E+00,0.000000E+00
12:10:00,0.000000E+00,0.000000E+00,2.928344E+00,4.741955E+04,8.588964E+04,0.000000E+00,0.000000E+00,2.730027E+00,3.323498E+04,8.819580E+04,0.000000E+00,0.000000E+00,2.850206E+00,4.071253E+04,1.454663E+05,0.000000E+00,0.000000E+00,2.836885E+00,4.052225E+04,9.532321E+04,2.457618E+01,1.573109E+06,0.000000E+00,0.000000E+00,0.000000E+00,1.200231E+01,5.463461E+05,0.000000E+00,0.000000E+00,0.000000E+00,2.384987E+01,1.509842E+06,0.000000E+00,0.000000E+00,0.000000E+00
12:20:00,0.000000E+00,0.000000E+00,2.932254E+00,4.784822E+04,8.637880E+04,0.000000E+00,0.000000E+00,2.733807E+00,3.362162E+04,8.866880E+04,0.000000E+00,0.000000E+00,2.854459E+00,4.112895E+04,1.473126E+05,0.000000E+00,0.000000E+00,2.840742E+00,4.093130E+04,9.581720E+04,2.457607E+01,1.573101E+06,0.000000E+00,0.000000E+00,0.000000E+00,1.200231E+01,5.463461E+05,0.000000E+00,0.000000E+00,0.000000E+00,2.384976E+01,1.509835E+06,0.000000E+00,0.000000E+00,0.000000E+00
12:30:00,0.000000E+00,0.000000E+00,2.930778E+00,4.818931E+04,8.670966E+04,0.000000E+00,0.000000E+00,2.732259E+00,3.394304E+04,8.896935E+04,0.000000E+00,0.000000E+00,2.853336E+00,4.146830E+04,1.488921E+05,0.000000E+00,0.000000E+00,2.839239E+00,4.126343E+04,9.613072E+04,2.457599E+01,1.573097E+06,0.000000E+00,0.000000E+00,0.000000E+00,1.200231E+01,5.463461E+05,0.000000E+00,0.000000E+00,0.000000E+00,2.384969E+01,1.509831E+06,0.000000E+00,0.000000E+00,0.000000E+00
12:40:00,0.000000E+00,0.000000E+00,2.924050E+00,4.844303E+04,8.688405E+04,0.000000E+00,0.000000E+00,2.725519E+00,3.419891E+04,8.909972E+04,0.000000E+00,0.000000E+00,2.846972E+00,4.173055E+04,1.502027E+05,0.000000E+00,0.000000E+00,2.832511E+00,4.151859E+04,9.626632E+04,2.457595E+01,1.573094E+06,0.000000E+00,0.000000E+00,0.000000E+00,1.200231E+01,5.463461E+05,0.000000E+00,0.000000E+00,0.000000E+00,2.384965E+01,1.509828E+06,0.000000E+00,0.000000E+00,0.000000E+00
12:50:00,0.000000E+00,0.000000E+00,2.912308E+00,4.861139E+04,8.690716E+04,0.000000E+00,0.000000E+00,2.713820E+00,3.439027E+04,8.906565E+04,0.000000E+00,0.000000E+00,2.835603E+00,4.191723E+04,1.512481E+05,0.000000E+00,0.000000E+00,2.820794E+00,4.169831E+04,9.622993E+04,2.457592E+01,1.573092E+06,0.000000E+00,0.000000E+00,0.000000E+00,1.200230E+01,5.463461E+05,0.000000E+00,0.000000E+00,0.000000E+00,2.384963E+01,1.509827E+06,0.000000E+00,0.000000E+00,0.000000E+00
13:00:00,0.000000E+00,0.000000E+00,2.896087E+00,4.870150E+04,8.679299E+04,0.000000E+00,0.000000E+00,2.697696E+00,3.452208E+04,8.888275E+04,0.000000E+00,0.000000E+00,2.819768E+00,4.203450E+04,1.520484E+05,0.000000E+00,0.000000E+00,2.804621E+00,4.180871E+04,9.603804E+04,2.457590E+01,1.573091E+06,0.000000E+00,0.000000E+00,0.000000E+00,1.200230E+01,5.463461E+05,0.000000E+00,0.000000E+00,0.000000E+00,2.384961E+01,1.509826E+06,0.000000E+00,0.000000E+00,0.000000E+00
13:10:00,0.000000E+00,0.000000E+00,2.876658E+00,4.859879E+04,8.644033E+04,0.000000E+00,0.000000E+00,2.678406E+00,3.448381E+04,8.846204E+04,0.000000E+00,0.000000E+00,2.800719E+00,4.196865E+04,1.520470E+05,0.000000E+00,0.000000E+00,2.785259E+00,4.173698E+04,9.559833E+04,2.457589E+01,1.573090E+06,0.000000E+00,0.000000E+00,0.000000E+00,1.200230E+01,5.463460E+05,0.000000E+00,0.000000E+00,0.000000E+00,2.384960E+01,1.509825E+06,0.000000E+00,0.000000E+00,0.000000E+00
13:20:00,0.000000E+00,0.000000E+00,2.855799E+00,4.846880E+04,8.604151E+04,0.000000E+00,0.000000E+00,2.657704E+00,3.442425E+04,8.799153E+04,0.000000E+00,0.000000E+00,2.780229E+00,4.187812E+04,1.519563E+05,0.000000E+00,0.000000E+00,2.764476E+00,4.164083E+04,9.510664E+04,2.457588E+01,1.573090E+06,0.000000E+00,0.000000E+00,0.000000E+00,1.200230E+01,5.463460E+05,0.000000E+00,0.000000E+00,0.000000E+00,2.384959E+01,1.509825E+06,0.000000E+00,0.000000E+00,0.000000E+00
13:30:00,0.000000E+00,0.000000E+00,2.834662E+00,4.833081E+04,8.563096E+04,0.000000E+00,0.000000E+00,2.636729E+00,3.435790E+04,8.750861E+04,0.000000E+00,0.000000E+00,2.759442E+00,4.177991E+04,1.518377E+05,0.000000E+00,0.000000E+00,2.743416E+00,4.153726E+04,9.460208E+04,2.457588E+01,1.573090E+06,0.000000E+00,0.000000E+00,0.000000E+00,1.200230E+01,5.463460E+05,0.000000E+00,0.000000E+00,0.000000E+00,2.384959E+01,1.509824E+06,0.000000E+00,0.000000E+00,0.000000E+00
13:40:00,0.000000E+00,0.000000E+00,2.813798E+00,4.819420E+04,8.522529E+04,0.000000E+00,0.000000E+00,2.616025E+00,3.429185E+04,8.703137E+04,0.000000E+00,0.000000E+00,2.738907E+00,4.168228E+04,1.517212E+05,0.000000E+00,0.000000E+00,2.722629E+00,4.143456E+04,9.410356E+04,2.457588E+01,1.573089E+06,0.000000E+00,0.000000E+00,0.000000E+00,1.200230E+01,5.463460E+05,0.000000E+00,0.000000E+00,0.000000E+00,2.384959E+01,1.509824E+06,0.000000E+00,0.000000E+00,0.000000E+00
13:50:00,0.000000E+00,0.000000E+00,2.793393E+00,4.806227E+04,8.483027E+04,0.000000E+00,0.000000E+00,2.595781E+00,3.422863E+04,8.656613E+04,0.000000E+00,0.000000E+00,2.718809E+00,4.158815E+04,1.516173E+05,0.000000E+00,0.000000E+00,2.702302E+00,4.133565E+04,9.361764E+04,2.457588E+01,1.573089E+06,0.000000E+00,0.000000E+00,0.000000E+00,1.200230E+01,5.463460E+05,0.000000E+00,0.000000E+00,0.000000E+00,2.384959E+01,1.509824E+06,0.000000E+00,0.000000E+00,0.000000E+00
14:00:00,0.000000E+00,0.000000E+00,2.773093E+00,4.792894E+04,8.443519E+04,0.000000E+00,0.000000E+00,2.575642E+00,3.416366E+04,8.610121E+04,0.000000E+00,0.000000E+00,2.698796E+00,4.149219E+04,1.515067E+05,0.000000E+00,0.000000E+00,2.682079E+00,4.123518E+04,9.313208E+04,2.457588E+01,1.573089E+06,0.000000E+00,0.000000E+00,0.000000E+00,1.200230E+01,5.463460E+05,0.000000E+00,0.000000E+00,0.000000E+00,2.384959E+01,1.509824E+06,0.000000E+00,0.000000E+00,0.000000E+00
14:10:00,0.000000E+00,0.000000E+00,2.751566E+00,4.755689E+04,8.377975E+04,0.000000E+00,0.000000E+00,2.554295E+00,3.388051E+04,8.538760E+04,0.000000E+00,0.000000E+00,2.677532E+00,4.116527E+04,1.503130E+05,0.000000E+00,0.000000E+00,2.660637E+00,4.090553E+04,9.238754E+04,2.457587E+01,1.573089E+06,0.000000E+00,0.000000E+00,0.000000E+00,1.200230E+01,5.463460E+05,0.000000E+00,0.000000E+00,0.000000E+00,2.384959E+01,1.509824E+06,0.000000E+00,0.000000E+00,0.000000E+00
14:20:00,0.000000E+00,0.000000E+00,2.727043E+00,4.713303E+04,8.303305E+04,0.000000E+00,0.000000E+00,2.529992E+00,3.355815E+04,8.457516E+04,0.000000E+00,0.000000E+00,2.653252E+00,4.079198E+04,1.489499E+05,0.000000E+00,0.000000E+00,2.636216E+00,4.053008E+04,9.153957E+04,2.457587E+01,1.573089E+06,0.000000E+00,0.000000E+00,0.000000E+00,1.200230E+01,5.463460E+05,0.000000E+00,0.000000E+00,0.000000E+00,2.384959E+01,1.509824E+06,0.000000E+00,0.000000E+00,0.000000E+00
14:30:00,0.000000E+00,0.000000E+00,2.698479E+00,4.663934E+04,8.216333E+04,0.000000E+00,0.000000E+00,2.501703E+00,3.318293E+04,8.362950E+04,0.000000E+00,0.000000E+00,2.624918E+00,4.035637E+04,1.473593E+05,0.000000E+00,0.000000E+00,2.607781E+00,4.009290E+04,9.055217E+04,2.457587E+01,1.573089E+06,0.000000E+00,0.000000E+00,0.000000E+00,1.200230E+01,5.463460E+05,0.000000E+00,0.000000E+00,0.000000E+00,2.384958E+01,1.509824E+06,0.000000E+00,0.000000E+00,0.000000E+00
14:40:00,0.000000E+00,0.000000E+00,2.665191E+00,4.606400E+04,8.114977E+04,0.000000E+00,0.000000E+00,2.468756E+00,3.274591E+04,8.252811E+04,0.000000E+00,0.000000E+00,2.591850E+00,3.984797E+04,1.455029E+05,0.000000E+00,0.000000E+00,2.574649E+00,3.958352E+04,8.940170E+04,2.457587E+01,1.573089E+06,0.000000E+00,0.000000E+00,0.000000E+00,1.200230E+01,5.463460E+05,0.000000E+00,0.000000E+00,0.000000E+00,2.384958E+01,1.509824E+06,0.000000E+00,0.000000E+00,0.000000E+00
14:50:00,0.000000E+00,0.000000E+00,2.626649E+00,4.539786E+04,7.997625E+04,0.000000E+00,0.000000E+00,2.430626E+00,3.224014E+04,8.125344E+04,0.000000E+00,0.000000E+00,2.553520E+00,3.925868E+04,1.433512E+05,0.000000E+00,0.000000E+00,2.536294E+00,3.899384E+04,8.806988E+04,2.457587E+01,1.573089E+06,0.000000E+00,0.000000E+00,0.000000E+00,1.200230E+01,5.463460E+05,0.000000E+00,0.000000E+00,0.000000E+00,2.384958E+01,1.509824E+06,0.000000E+00,0.000000E+00,0.000000E+00
15:00:00,0.000000E+00,0.000000E+00,2.582554E+00,4.463575E+04,7.863366E+04,0.000000E+00,0.000000E+00,2.387017E+00,3.166172E+04,7.979566E+04,0.000000E+00,0.000000E+00,2.509630E+00,3.858389E+04,1.408872E+05,0.000000E+00,0.000000E+00,2.492420E+00,3.831930E+04,8.654640E+04,2.457587E+01,1.573089E+06,0.000000E+00,0.000000E+00,0.000000E+00,1.200230E+01,5.463460E+05,0.000000E+00,0.000000E+00,0.000000E+00,2.384958E+01,1.509824E+06,0.000000E+00,0.000000E+00,0.000000E+00
15:10:00,0.000000E+00,0.000000E+00,2.532526E+00,4.353442E+04,7.686780E+04,0.000000E+00,0.000000E+00,2.337557E+00,3.078722E+04,7.791720E+04,0.000000E+00,0.000000E+00,2.459794E+00,3.758783E+04,1.369902E+05,0.000000E+00,0.000000E+00,2.442646E+00,3.732578E+04,8.458302E+04,2.457587E+01,1.573089E+06,0.000000E+00,0.000000E+00,0.000000E+00,1.200230E+01,5.463460E+05,0.000000E+00,0.000000E+00,0.000000E+00,2.384958E+01,1.509824E+06,0.000000E+00,0.000000E+00,0.000000E+00
15:20:00,0.000000E+00,0.000000E+00,2.476315E+00,4.233672E+04,7.492444E+04,0.000000E+00,0.000000E+00,2.282011E+00,2.984239E+04,7.584601E+04,0.000000E+00,0.000000E+00,2.403772E+00,3.650712E+04,1.328003E+05,0.000000E+00,0.000000E+00,2.386732E+00,3.624832E+04,8.241721E+04,2.457587E+01,1.573089E+06,0.000000E+00,0.000000E+00,0.000000E+00,1.200230E+01,5.463460E+05,0.000000E+00,0.000000E+00,0.000000E+00,2.384958E+01,1.509824E+06,0.000000E+00,0.000000E+00,0.000000E+00
15:30:00,0.000000E+00,0.000000E+00,2.413715E+00,4.104091E+04,7.279919E+04,0.000000E+00,0.000000E+00,2.220189E+00,2.882644E+04,7.357749E+04,0.000000E+00,0.000000E+00,2.341363E+00,3.534049E+04,1.283146E+05,0.000000E+00,0.000000E+00,2.324480E+00,3.508565E+04,8.004395E+04,2.457587E+01,1.573089E+06,0.000000E+00,0.000000E+00,0.000000E+00,1.200230E+01,5.463460E+05,0.000000E+00,0.000000E+00,0.000000E+00,2.384958E+01,1.509824E+06,0.000000E+00,0.000000E+00,0.000000E+00
15:40:00,0.000000E+00,0.000000E+00,2.344866E+00,3.965112E+04,7.049802E+04,0.000000E+00,0.000000E+00,2.152218E+00,2.774279E+04,7.111771E+04,0.000000E+00,0.000000E+00,2.272694E+00,3.409161E+04,1.235481E+05,0.000000E+00,0.000000E+00,2.256015E+00,3.384141E+04,7.746928E+04,2.457587E+01,1.573089E+06,0.000000E+00,0.000000E+00,0.000000E+00,1.200230E+01,5.463460E+05,0.000000E+00,0.000000E+00,0.000000E+00,2.384958E+01,1.509824E+06,0.000000E+00,0.000000E+00,0.000000E+00
15:50:00,0.000000E+00,0.000000E+00,2.270202E+00,3.817641E+04,6.803579E+04,0.000000E+00,0.000000E+00,2.078570E+00,2.659920E+04,6.848399E+04,0.000000E+00,0.000000E+00,2.198230E+00,3.276919E+04,1.185337E+05,0.000000E+00,0.000000E+00,2.181804E+00,3.252432E+04,7.471104E+04,2.457587E+01,1.573089E+06,0.000000E+00,0.000000E+00,0.000000E+00,1.200230E+01,5.463460E+05,0.000000E+00,0.000000E+00,0.000000E+00,2.384958E+01,1.509824E+06,0.000000E+00,0.000000E+00,0.000000E+00
16:00:00,0.000000E+00,0.000000E+00,2.190454E+00,3.663065E+04,6.543599E+04,0.000000E+00,0.000000E+00,1.999968E+00,2.540644E+04,6.570168E+04,0.000000E+00,0.000000E+00,2.118693E+00,3.138553E+04,1.133172E+05,0.000000E+00,0.000000E+00,2.102567E+00,3.114664E+04,7.179545E+04,2.457587E+01,1.573089E+06,0.000000E+00,0.000000E+00,0.000000E+00,1.200230E+01,5.463460E+05,0.000000E+00,0.000000E+00,0.000000E+00,2.384958E+01,1.509824E+06,0.000000E+00,0.000000E+00,0.000000E+00
16:10:00,0.000000E+00,0.000000E+00,2.107090E+00,3.497401E+04,6.267652E+04,0.000000E+00,0.000000E+00,1.917853E+00,2.412433E+04,6.275793E+04,0.000000E+00,0.000000E+00,2.035554E+00,2.990029E+04,1.076880E+05,0.000000E+00,0.000000E+00,2.019754E+00,2.966821E+04,6.870858E+04,2.457587E+01,1.573089E+06,0.000000E+00,0.000000E+00,0.000000E+00,1.200230E+01,5.463460E+05,0.000000E+00,0.000000E+00,0.000000E+00,2.384958E+01,1.509824E+06,0.000000E+00,0.000000E+00,0.000000E+00
16:20:00,0.000000E+00,0.000000E+00,2.021560E+00,3.330248E+04,5.987419E+04,0.000000E+00,0.000000E+00,1.833679E+00,2.283704E+04,5.976810E+04,0.000000E+00,0.000000E+00,1.950288E+00,2.840482E+04,1.020502E+05,0.000000E+00,0.000000E+00,1.934833E+00,2.817972E+04,6.557147E+04,2.457587E+01,1.573089E+06,0.000000E+00,0.000000E+00,0.000000E+00,1.200230E+01,5.463460E+05,0.000000E+00,0.000000E+00,0.000000E+00,2.384958E+01,1.509824E+06,0.000000E+00,0.000000E+00,0.000000E+00
16:30:00,0.000000E+00,0.000000E+00,1.935418E+00,3.164225E+04,5.707567E+04,0.000000E+00,0.000000E+00,1.748946E+00,2.156383E+04,5.678178E+04,0.000000E+00,0.000000E+00,1.864417E+00,2.692185E+04,9.648554E+04,0.000000E+00,0.000000E+00,1.849319E+00,2.670382E+04,6.243617E+04,2.457587E+01,1.573089E+06,0.000000E+00,0.000000E+00,0.000000E+00,1.200230E+01,5.463460E+05,0.000000E+00,0.000000E+00,0.000000E+00,2.384958E+01,1.509824E+06,0.000000E+00,0.000000E+00,0.000000E+00
16:40:00,0.000000E+00,0.000000E+00,1.850102E+00,3.001688E+04,5.432340E+04,0.000000E+00,0.000000E+00,1.665070E+00,2.032220E+04,5.384492E+04,0.000000E+00,0.000000E+00,1.779378E+00,2.547218E+04,9.106770E+04,0.000000E+00,0.000000E+00,1.764648E+00,2.526131E+04,5.935115E+04,2.457587E+01,1.573089E+06,0.000000E+00,0.000000E+00,0.000000E+00,1.200230E+01,5.463460E+05,0.000000E+00,0.000000E+00,0.000000E+00,2.384958E+01,1.509824E+06,0.000000E+00,0.000000E+00,0.000000E+00
16:50:00,0.000000E+00,0.000000E+00,1.766706E+00,2.844369E+04,5.164903E+04,0.000000E+00,0.000000E+00,1.583081E+00,1.912427E+04,5.099034E+04,0.000000E+00,0.000000E+00,1.696225E+00,2.407047E+04,8.584777E+04,0.000000E+00,0.000000E+00,1.681873E+00,2.386681E+04,5.635141E+04,2.457587E+01,1.573089E+06,0.000000E+00,0.000000E+00,0.000000E+00,1.200230E+01,5.463460E+05,0.000000E+00,0.000000E+00,0.000000E+00,2.384958E+01,1.509824E+06,0.000000E+00,0.000000E+00,0.000000E+00
17:00:00,0.000000E+00,0.000000E+00,1.685597E+00,2.692781E+04,4.906255E+04,0.000000E+00,0.000000E+00,1.503342E+00,1.797367E+04,4.822903E+04,0.000000E+00,0.000000E+00,1.615293E+00,2.272073E+04,8.083855E+04,0.000000E+00,0.000000E+00,1.601368E+00,2.252486E+04,5.344863E+04,2.457587E+01,1.573089E+06,0.000000E+00,0.000000E+00,0.000000E+00,1.200230E+01,5.463460E+05,0.000000E+00,0.000000E+00,0.000000E+00,2.384958E+01,1.509824E+06,0.000000E+00,0.000000E+00,0.000000E+00
17:10:00,0.000000E+00,0.000000E+00,1.573263E+00,2.488821E+04,4.554168E+04,0.000000E+00,0.000000E+00,1.394166E+00,1.645124E+04,4.450282E+04,0.000000E+00,0.000000E+00,1.503820E+00,2.091852E+04,7.420353E+04,0.000000E+00,0.000000E+00,1.490450E+00,2.073254E+04,4.950752E+04,2.453010E+01,1.570159E+06,0.000000E+00,0.000000E+00,0.000000E+00,1.196202E+01,5.445121E+05,0.000000E+00,0.000000E+00,0.000000E+00,2.380434E+01,1.506960E+06,0.000000E+00,0.000000E+00,0.000000E+00
17:20:00,0.000000E+00,0.000000E+00,1.471479E+00,2.304885E+04,4.236037E+04,0.000000E+00,0.000000E+00,1.296569E+00,1.509764E+04,4.117938E+04,0.000000E+00,0.000000E+00,1.403310E+00,1.930183E+04,6.826503E+04,0.000000E+00,0.000000E+00,1.390547E+00,1.912629E+04,4.596614E+04,2.444995E+01,1.565029E+06,0.000000E+00,0.000000E+00,0.000000E+00,1.190012E+01,5.416946E+05,0.000000E+00,0.000000E+00,0.000000E+00,2.372536E+01,1.501960E+06,0.000000E+00,0.000000E+00,0.000000E+00
17:30:00,0.000000E+00,0.000000E+00,1.362414E+00,2.112829E+04,3.900313E+04,0.000000E+00,0.000000E+00,1.191243E+00,1.368565E+04,3.764306E+04,0.000000E+00,0.000000E+00,1.295335E+00,1.761493E+04,6.211495E+04,0.000000E+00,0.000000E+00,1.283163E+00,1.744941E+04,4.221065E+04,2.050970E+01,1.312816E+06,0.000000E+00,0.000000E+00,0.000000E+00,9.981369E+00,4.543529E+05,0.000000E+00,0.000000E+00,0.000000E+00,1.990434E+01,1.260066E+06,0.000000E+00,0.000000E+00,0.000000E+00
17:40:00,0.000000E+00,0.000000E+00,1.253587E+00,1.924535E+04,3.568751E+04,0.000000E+00,0.000000E+00,1.086494E+00,1.231302E+04,3.415870E+04,0.000000E+00,0.000000E+00,1.187730E+00,1.596665E+04,5.613757E+04,0.000000E+00,0.000000E+00,1.176169E+00,1.581124E+04,3.850240E+04,1.656917E+01,1.060584E+06,0.000000E+00,0.000000E+00,0.000000E+00,8.062399E+00,3.670012E+05,0.000000E+00,0.000000E+00,0.000000E+00,1.608300E+01,1.018152E+06,0.000000E+00,0.000000E+00,0.000000E+00
17:50:00,0.000000E+00,0.000000E+00,1.137592E+00,1.728739E+04,3.220371E+04,0.000000E+00,0.000000E+00,9.748460E-01,1.089589E+04,3.049212E+04,0.000000E+00,0.000000E+00,1.073052E+00,1.425791E+04,4.998382E+04,0.000000E+00,0.000000E+00,1.062122E+00,1.411267E+04,3.459871E+04,1.262867E+01,8.083546E+05,0.000000E+00,0.000000E+00,0.000000E+00,6.143534E+00,2.796542E+05,0.000000E+00,0.000000E+00,0.000000E+00,1.226170E+01,7.762401E+05,0.000000E+00,0.000000E+00,0.000000E+00
18:00:00,0.000000E+00,0.000000E+00,1.007138E+00,1.514808E+04,2.834993E+04,0.000000E+00,0.000000E+00,8.492968E-01,9.360345E+03,2.642881E+04,0.000000E+00,0.000000E+00,9.441550E-01,1.239816E+04,4.333858E+04,0.000000E+00,0.000000E+00,9.338523E-01,1.226287E+04,3.027057E+04,8.688142E+00,5.561235E+05,0.000000E+00,0.000000E+00,0.000000E+00,4.224653E+00,1.923066E+05,0.000000E+00,0.000000E+00,0.000000E+00,8.440367E+00,5.343267E+05,0.000000E+00,0.000000E+00,0.000000E+00
18:10:00,0.000000E+00,0.000000E+00,8.956088E-01,1.326136E+04,2.499603E+04,0.000000E+00,0.000000E+00,7.417256E-01,8.001483E+03,2.290284E+04,0.000000E+00,0.000000E+00,8.337920E-01,1.075413E+04,3.743059E+04,0.000000E+00,0.000000E+00,8.240544E-01,1.062854E+04,2.651329E+04,4.815227E+00,3.082202E+05,0.000000E+00,0.000000E+00,0.000000E+00,2.357413E+00,1.073097E+05,0.000000E+00,0.000000E+00,0.000000E+00,4.685687E+00,2.966325E+05,0.000000E+00,0.000000E+00,0.000000E+00
18:20:00,0.000000E+00,0.000000E+00,7.637031E-01,1.112980E+04,2.113171E+04,0.000000E+00,0.000000E+00,6.138698E-01,6.478800E+03,1.880719E+04,0.000000E+00,0.000000E+00,7.029967E-01,8.902914E+03,3.085605E+04,0.000000E+00,0.000000E+00,6.938510E-01,8.787091E+03,2.215720E+04,9.766998E-01,6.251806E+04,0.000000E+00,0.000000E+00,0.000000E+00,5.117794E-01,2.329625E+04,0.000000E+00,0.000000E+00,0.000000E+00,9.647557E-01,6.107491E+04,0.000000E+00,0.000000E+00,0.000000E+00
18:30:00,0.000000E+00,0.000000E+00,6.319982E-01,9.062749E+03,1.733608E+04,0.000000E+00,0.000000E+00,4.883348E-01,5.039810E+03,1.484363E+04,0.000000E+00,0.000000E+00,5.731091E-01,7.124092E+03,2.458772E+04,0.000000E+00,0.000000E+00,5.646704E-01,7.019193E+03,1.789616E+04,9.982993E-01,6.390063E+04,0.000000E+00,0.000000E+00,0.000000E+00,5.230094E-01,2.380744E+04,0.000000E+00,0.000000E+00,0.000000E+00,9.858914E-01,6.241293E+04,0.000000E+00,0.000000E+00,0.000000E+00
18:40:00,0.000000E+00,0.000000E+00,4.962223E-01,6.999813E+03,1.349283E+04,0.000000E+00,0.000000E+00,3.603863E-01,3.635133E+03,1.086771E+04,0.000000E+00,0.000000E+00,4.397961E-01,5.364181E+03,1.843731E+04,0.000000E+00,0.000000E+00,4.321868E-01,5.271370E+03,1.359339E+04,1.020188E+00,6.530171E+04,0.000000E+00,0.000000E+00,0.000000E+00,5.344689E-01,2.432907E+04,0.000000E+00,0.000000E+00,0.000000E+00,1.007353E+00,6.377159E+04,0.000000E+00,0.000000E+00,0.000000E+00
18:50:00,0.000000E+00,0.000000E+00,3.700085E-01,5.132970E+03,9.972331E+03,0.000000E+00,0.000000E+00,2.427128E-01,2.391483E+03,7.260767E+03,0.000000E+00,0.000000E+00,3.171477E-01,3.794147E+03,1.298791E+04,0.000000E+00,0.000000E+00,3.104697E-01,3.714255E+03,9.690395E+03,1.042044E+00,6.670070E+04,0.000000E+00,0.000000E+00,0.000000E+00,5.458261E-01,2.484605E+04,0.000000E+00,0.000000E+00,0.000000E+00,1.028770E+00,6.512739E+04,0.000000E+00,0.000000E+00,0.000000E+00
19:00:00,0.000000E+00,0.000000E+00,2.653424E-01,3.618990E+03,7.087862E+03,0.000000E+00,0.000000E+00,1.494430E-01,1.437568E+03,4.434625E+03,0.000000E+00,0.000000E+00,2.161511E-01,2.535391E+03,8.644256E+03,0.000000E+00,0.000000E+00,2.101427E-01,2.464914E+03,6.508438E+03,1.063919E+00,6.810094E+04,0.000000E+00,0.000000E+00,0.000000E+00,5.571988E-01,2.536374E+04,0.000000E+00,0.000000E+00,0.000000E+00,1.050214E+00,6.648492E+04,0.000000E+00,0.000000E+00,0.000000E+00
19:10:00,0.000000E+00,0.000000E+00,1.832930E-01,2.468521E+03,4.863962E+03,0.000000E+00,0.000000E+00,8.216433E-02,7.763037E+02,2.423673E+03,0.000000E+00,0.000000E+00,1.361995E-01,1.574246E+03,5.351743E+03,0.000000E+00,0.000000E+00,1.307030E-01,1.510716E+03,4.025017E+03,1.063961E+00,6.810359E+04,0.000000E+00,0.000000E+00,0.000000E+00,5.572215E-01,2.536477E+04,0.000000E+00,0.000000E+00,0.000000E+00,1.050255E+00,6.648752E+04,0.000000E+00,0.000000E+00,0.000000E+00
19:20:00,0.000000E+00,0.000000E+00,1.210362E-01,1.609333E+03,3.190626E+03,0.000000E+00,0.000000E+00,3.776879E-02,3.503756E+02,1.107433E+03,0.000000E+00,0.000000E+00,7.870757E-02,8.962477E+02,3.038126E+03,0.000000E+00,0.000000E+00,7.443494E-02,8.475950E+02,2.279104E+03,1.063986E+00,6.810517E+04,0.000000E+00,0.000000E+00,0.000000E+00,5.572435E-01,2.536578E+04,0.000000E+00,0.000000E+00,0.000000E+00,1.050280E+00,6.648912E+04,0.000000E+00,0.000000E+00,0.000000E+00
19:30:00,0.000000E+00,0.000000E+00,7.620502E-02,1.000188E+03,1.995451E+03,0.000000E+00,0.000000E+00,1.236052E-02,1.125491E+02,3.602458E+02,0.000000E+00,0.000000E+00,4.155152E-02,4.660306E+02,1.575300E+03,0.000000E+00,0.000000E+00,3.834068E-02,4.300186E+02,1.167180E+03,1.063988E+00,6.810533E+04,0.000000E+00,0.000000E+00,0.000000E+00,5.572564E-01,2.536636E+04,0.000000E+00,0.000000E+00,0.000000E+00,1.050283E+00,6.648930E+04,0.000000E+00,0.000000E+00,0.000000E+00
19:40:00,0.000000E+00,0.000000E+00,4.719785E-02,6.113836E+02,1.227601E+03,0.000000E+00,0.000000E+00,1.691208E-03,1.510959E+01,4.899154E+01,0.000000E+00,0.000000E+00,2.054464E-02,2.269033E+02,7.648518E+02,0.000000E+00,0.000000E+00,1.818806E-02,2.008762E+02,5.504788E+02,1.063986E+00,6.810521E+04,0.000000E+00,0.000000E+00,0.000000E+00,5.572606E-01,2.536655E+04,0.000000E+00,0.000000E+00,0.000000E+00,1.050281E+00,6.648918E+04,0.000000E+00,0.000000E+00,0.000000E+00
19:50:00,0.000000E+00,0.000000E+00,2.835303E-02,3.624171E+02,7.324739E+02,0.000000E+00,0.000000E+00,0.000000E+00,0.000000E+00,0.000000E+00,0.000000E+00,0.000000E+00,8.478552E-03,9.218791E+01,3.098954E+02,0.000000E+00,0.000000E+00,6.789856E-03,7.382660E+01,2.043039E+02,1.063988E+00,6.810533E+04,0.000000E+00,0.000000E+00,0.000000E+00,5.572619E-01,2.536662E+04,0.000000E+00,0.000000E+00,0.000000E+00,1.050283E+00,6.648929E+04,0.000000E+00,0.000000E+00,0.000000E+00
20:00:00,0.000000E+00,0.000000E+00,1.481889E-02,1.868806E+02,3.802294E+02,0.000000E+00,0.000000E+00,0.000000E+00,0.000000E+00,0.000000E+00,0.000000E+00,0.000000E+00,1.389965E-03,1.487505E+01,4.986797E+01,0.000000E+00,0.000000E+00,5.318682E-04,5.691917E+00,1.590987E+01,1.063992E+00,6.810556E+04,0.000000E+00,0.000000E+00,0.000000E+00,5.572629E-01,2.536666E+04,0.000000E+00,0.000000E+00,0.000000E+00,1.050286E+00,6.648952E+04,0.000000E+00,0.000000E+00,0.000000E+00
20:10:00,0.000000E+00,0.000000E+00,5.736125E-03,7.153405E+01,1.463558E+02,0.000000E+00,0.000000E+00,0.000000E+00,0.000000E+00,0.000000E+00,0.000000E+00,0.000000E+00,0.000000E+00,0.000000E+00,0.000000E+00,0.000000E+00,0.000000E+00,0.000000E+00,0.000000E+00,0.000000E+00,1.063994E+00,6.810573E+04,0.000000E+00,0.000000E+00,0.000000E+00,5.572637E-01,2.536670E+04,0.000000E+00,0.000000E+00,0.000000E+00,1.050289E+00,6.648968E+04,0.000000E+00,0.000000E+00,0.000000E+00
20:20:00,0.000000E+00,0.000000E+00,1.131769E-03,1.395542E+01,2.871420E+01,0.000000E+00,0.000000E+00,0.000000E+00,0.000000E+00,0.000000E+00,0.000000E+00,0.000000E+00,0.000000E+00,0.000000E+00,0.000000E+00,0.000000E+00,0.000000E+00,0.000000E+00,0.000000E+00,0.000000E+00,1.063995E+00,6.810579E+04,0.000000E+00,0.000000E+00,0.000000E+00,5.572644E-01,2.536673E+04,0.000000E+00,0.000000E+00,0.000000E+00,1.050290E+00,6.648975E+04,0.000000E+00,0.000000E+00,0.000000E+00
20:30:00,0.000000E+00,0.000000E+00,0.000000E+00,0.000000E+00,0.000000E+00,0.000000E+00,0.000000E+00,0.000000E+00,0.000000E+00,0.000000E+00,0.000000E+00,0.000000E+00,0.000000E+00,0.000000E+00,0.000000E+00,0.000000E+00,0.000000E+00,0.000000E+00,0.000000E+00,0.000000E+00,1.063995E+00,6.810581E+04,0.000000E+00,0.000000E+00,0.000000E+00,5.572648E-01,2.536675E+04,0.000000E+00,0.000000E+00,0.000000E+00,1.050290E+00,6.648977E+04,0.000000E+00,0.000000E+00,0.000000E+00
20:40:00,0.000000E+00,0.000000E+00,0.000000E+00,0.000000E+00,0.000000E+00,0.000000E+00,0.000000E+00,0.000000E+00,0.000000E+00,0.000000E+00,0.000000E+00,0.000000E+00,0.000000E+00,0.000000E+00,0.000000E+00,0.000000E+00,0.000000E+00,0.000000E+00,0.000000E+00,0.000000E+00,1.063995E+00,6.810581E+04,0.000000E+00,0.000000E+00,0.000000E+00,5.572650E-01,2.536675E+04,0.000000E+00,0.000000E+00,0.000000E+00,1.050290E+00,6.648977E+04,0.000000E+00,0.000000E+00,0.000000E+00
20:50:00,0.000000E+00,0.000000E+00,0.000000E+00,0.000000E+00,0.000000E+00,0.000000E+00,0.000000E+00,0.000000E+00,0.000000E+00,0.000000E+00,0.000000E+00,0.000000E+00,0.000000E+00,0.000000E+00,0.000000E+00,0.000000E+00,0.000000E+00,0.000000E+00,0.000000E+00,0.000000E+00,1.063995E+00,6.810581E+04,0.000000E+00,0.000000E+00,0.000000E+00,5.572650E-01,2.536676E+04,0.000000E+00,0.000000E+00,0.000000E+00,1.050290E+00,6.648977E+04,0.000000E+00,0.000000E+00,0.000000E+00
21:00:00,0.000000E+00,0.000000E+00,0.000000E+00,0.000000E+00,0.000000E+00,0.000000E+00,0.000000E+00,0.000000E+00,0.000000E+00,0.000000E+00,0.000000E+00,0.000000E+00,0.000000E+00,0.000000E+00,0.000000E+00,0.000000E+00,0.000000E+00,0.000000E+00,0.000000E+00,0.000000E+00,1.063996E+00,6.810581E+04,0.000000E+00,0.000000E+00,0.000000E+00,5.572651E-01,2.536676E+04,0.000000E+00,0.000000E+00,0.000000E+00,1.050290E+00,6.648977E+04,0.000000E+00,0.000000E+00,0.000000E+00
21:10:00,0.000000E+00,0.000000E+00,0.000000E+00,0.000000E+00,0.000000E+00,0.000000E+00,0.000000E+00,0.000000E+00,0.000000E+00,0.000000E+00,0.000000E+00,0.000000E+00,0.000000E+00,0.000000E+00,0.000000E+00,0.000000E+00,0.000000E+00,0.000000E+00,0.000000E+00,0.000000E+00,1.063996E+00,6.810582E+04,0.000000E+00,0.000000E+00,0.000000E+00,5.572651E-01,2.536676E+04,0.000000E+00,0.000000E+00,0.000000E+00,1.050290E+00,6.648978E+04,0.000000E+00,0.000000E+00,0.000000E+00
21:20:00,0.000000E+00,0.000000E+00,0.000000E+00,0.000000E+00,0.000000E+00,0.000000E+00,0.000000E+00,0.000000E+00,0.000000E+00,0.000000E+00,0.000000E+00,0.000000E+00,0.000000E+00,0.000000E+00,0.000000E+00,0.000000E+00,0.000000E+00,0.000000E+00,0.000000E+00,0.000000E+00,1.063996E+00,6.810582E+04,0.000000E+00,0.000000E+00,0.000000E+00,5.572651E-01,2.536676E+04,0.000000E+00,0.000000E+00,0.000000E+00,1.050290E+00,6.648978E+04,0.000000E+00,0.000000E+00,0.000000E+00
21:30:00,0.000000E+00,0.000000E+00,0.000000E+00,0.000000E+00,0.000000E+00,0.000000E+00,0.000000E+00,0.000000E+00,0.000000E+00,0.000000E+00,0.000000E+00,0.000000E+00,0.000000E+00,0.000000E+00,0.000000E+00,0.000000E+00,0.000000E+00,0.000000E+00,0.000000E+00,0.000000E+00,1.063996E+00,6.810582E+04,0.000000E+00,0.000000E+00,0.000000E+00,5.572651E-01,2.536676E+04,0.000000E+00,0.000000E+00,0.000000E+00,1.050290E+00,6.648978E+04,0.000000E+00,0.000000E+00,0.000000E+00
21:40:00,0.000000E+00,0.000000E+00,0.000000E+00,0.000000E+00,0.000000E+00,0.000000E+00,0.000000E+00,0.000000E+00,0.000000E+00,0.000000E+00,0.000000E+00,0.000000E+00,0.000000E+00,0.000000E+00,0.000000E+00,0.000000E+00,0.000000E+00,0.000000E+00,0.000000E+00,0.000000E+00,1.063996E+00,6.810582E+04,0.000000E+00,0.000000E+00,0.000000E+00,5.572651E-01,2.536676E+04,0.000000E+00,0.000000E+00,0.000000E+00,1.050290E+00,6.648978E+04,0.000000E+00,0.000000E+00,0.000000E+00
21:50:00,0.000000E+00,0.000000E+00,0.000000E+00,0.000000E+00,0.000000E+00,0.000000E+00,0.000000E+00,0.000000E+00,0.000000E+00,0.000000E+00,0.000000E+00,0.000000E+00,0.000000E+00,0.000000E+00,0.000000E+00,0.000000E+00,0.000000E+00,0.000000E+00,0.000000E+00,0.000000E+00,1.063996E+00,6.810582E+04,0.000000E+00,0.000000E+00,0.000000E+00,5.572651E-01,2.536676E+04,0.000000E+00,0.000000E+00,0.000000E+00,1.050290E+00,6.648978E+04,0.000000E+00,0.000000E+00,0.000000E+00
22:00:00,0.000000E+00,0.000000E+00,0.000000E+00,0.000000E+00,0.000000E+00,0.000000E+00,0.000000E+00,0.000000E+00,0.000000E+00,0.000000E+00,0.000000E+00,0.000000E+00,0.000000E+00,0.000000E+00,0.000000E+00,0.000000E+00,0.000000E+00,0.000000E+00,0.000000E+00,0.000000E+00,1.063996E+00,6.810582E+04,0.000000E+00,0.000000E+00,0.000000E+00,5.572651E-01,2.536676E+04,0.000000E+00,0.000000E+00,0.000000E+00,1.050290E+00,6.648978E+04,0.000000E+00,0.000000E+00,0.000000E+00
22:10:00,0.000000E+00,0.000000E+00,0.000000E+00,0.000000E+00,0.000000E+00,0.000000E+00,0.000000E+00,0.000000E+00,0.000000E+00,0.000000E+00,0.000000E+00,0.000000E+00,0.000000E+00,0.000000E+00,0.000000E+00,0.000000E+00,0.000000E+00,0.000000E+00,0.000000E+00,0.000000E+00,1.119936E+00,7.168655E+04,0.000000E+00,0.000000E+00,0.000000E+00,6.087089E-01,2.770849E+04,0.000000E+00,0.000000E+00,0.000000E+00,1.106185E+00,7.002824E+04,0.000000E+00,0.000000E+00,0.000000E+00
22:20:00,0.000000E+00,0.000000E+00,0.000000E+00,0.000000E+00,0.000000E+00,0.000000E+00,0.000000E+00,0.000000E+00,0.000000E+00,0.000000E+00,0.000000E+00,0.000000E+00,0.000000E+00,0.000000E+00,0.000000E+00,0.000000E+00,0.000000E+00,0.000000E+00,0.000000E+00,0.000000E+00,1.186074E+00,7.592003E+04,0.000000E+00,0.000000E+00,0.000000E+00,6.691433E-01,3.045947E+04,0.000000E+00,0.000000E+00,0.000000E+00,1.172283E+00,7.421269E+04,0.000000E+00,0.000000E+00,0.000000E+00
22:30:00,0.000000E+00,0.000000E+00,0.000000E+00,0.000000E+00,0.000000E+00,0.000000E+00,0.000000E+00,0.000000E+00,0.000000E+00,0.000000E+00,0.000000E+00,0.000000E+00,0.000000E+00,0.000000E+00,0.000000E+00,0.000000E+00,0.000000E+00,0.000000E+00,0.000000E+00,0.000000E+00,1.253570E+00,8.024038E+04,0.000000E+00,0.000000E+00,0.000000E+00,7.306179E-01,3.325780E+04,0.000000E+00,0.000000E+00,0.000000E+00,1.239744E+00,7.848337E+04,0.000000E+00,0.000000E+00,0.000000E+00
22:40:00,0.000000E+00,0.000000E+00,0.000000E+00,0.000000E+00,0.000000E+00,0.000000E+00,0.000000E+00,0.000000E+00,0.000000E+00,0.000000E+00,0.000000E+00,0.000000E+00,0.000000E+00,0.000000E+00,0.000000E+00,0.000000E+00,0.000000E+00,0.000000E+00,0.000000E+00,0.000000E+00,1.321401E+00,8.458221E+04,0.000000E+00,0.000000E+00,0.000000E+00,7.923345E-01,3.606714E+04,0.000000E+00,0.000000E+00,0.000000E+00,1.307542E+00,8.277536E+04,0.000000E+00,0.000000E+00,0.000000E+00
22:50:00,0.000000E+00,0.000000E+00,0.000000E+00,0.000000E+00,0.000000E+00,0.000000E+00,0.000000E+00,0.000000E+00,0.000000E+00,0.000000E+00,0.000000E+00,0.000000E+00,0.000000E+00,0.000000E+00,0.000000E+00,0.000000E+00,0.000000E+00,0.000000E+00,0.000000E+00,0.000000E+00,1.389385E+00,8.893381E+04,0.000000E+00,0.000000E+00,0.000000E+00,8.541603E-01,3.888146E+04,0.000000E+00,0.000000E+00,0.000000E+00,1.375493E+00,8.707706E+04,0.000000E+00,0.000000E+00,0.000000E+00
23:00:00,0.000000E+00,0.000000E+00,0.000000E+00,0.000000E+00,0.000000E+00,0.000000E+00,0.000000E+00,0.000000E+00,0.000000E+00,0.000000E+00,0.000000E+00,0.000000E+00,0.000000E+00,0.000000E+00,0.000000E+00,0.000000E+00,0.000000E+00,0.000000E+00,0.000000E+00,0.000000E+00,1.457429E+00,9.328926E+04,0.000000E+00,0.000000E+00,0.000000E+00,9.160299E-01,4.169777E+04,0.000000E+00,0.000000E+00,0.000000E+00,1.443504E+00,9.138259E+04,0.000000E+00,0.000000E+00,0.000000E+00
23:10:00,0.000000E+00,0.000000E+00,0.000000E+00,0.000000E+00,0.000000E+00,0.000000E+00,0.000000E+00,0.000000E+00,0.000000E+00,0.000000E+00,0.000000E+00,0.000000E+00,0.000000E+00,0.000000E+00,0.000000E+00,0.000000E+00,0.000000E+00,0.000000E+00,0.000000E+00,0.000000E+00,1.469555E+00,9.406546E+04,0.000000E+00,0.000000E+00,0.000000E+00,9.264729E-01,4.217313E+04,0.000000E+00,0.000000E+00,0.000000E+00,1.455644E+00,9.215114E+04,0.000000E+00,0.000000E+00,0.000000E+00
23:20:00,0.000000E+00,0.000000E+00,0.000000E+00,0.000000E+00,0.000000E+00,0.000000E+00,0.000000E+00,0.000000E+00,0.000000E+00,0.000000E+00,0.000000E+00,0.000000E+00,0.000000E+00,0.000000E+00,0.000000E+00,0.000000E+00,0.000000E+00,0.000000E+00,0.000000E+00,0.000000E+00,1.471492E+00,9.418948E+04,0.000000E+00,0.000000E+00,0.000000E+00,9.279316E-01,4.223954E+04,0.000000E+00,0.000000E+00,0.000000E+00,1.457589E+00,9.227425E+04,0.000000E+00,0.000000E+00,0.000000E+00
23:30:00,0.000000E+00,0.000000E+00,0.000000E+00,0.000000E+00,0.000000E+00,0.000000E+00,0.000000E+00,0.000000E+00,0.000000E+00,0.000000E+00,0.000000E+00,0.000000E+00,0.000000E+00,0.000000E+00,0.000000E+00,0.000000E+00,0.000000E+00,0.000000E+00,0.000000E+00,0.000000E+00,1.472076E+00,9.422685E+04,0.000000E+00,0.000000E+00,0.000000E+00,9.283526E-01,4.225870E+04,0.000000E+00,0.000000E+00,0.000000E+00,1.458175E+00,9.231134E+04,0.000000E+00,0.000000E+00,0.000000E+00
23:40:00,0.000000E+00,0.000000E+00,0.000000E+00,0.000000E+00,0.000000E+00,0.000000E+00,0.000000E+00,0.000000E+00,0.000000E+00,0.000000E+00,0.000000E+00,0.000000E+00,0.000000E+00,0.000000E+00,0.000000E+00,0.000000E+00,0.000000E+00,0.000000E+00,0.000000E+00,0.000000E+00,1.472326E+00,9.424284E+04,0.000000E+00,0.000000E+00,0.000000E+00,9.285326E-01,4.226689E+04,0.000000E+00,0.000000E+00,0.000000E+00,1.458426E+00,9.232724E+04,0.000000E+00,0.000000E+00,0.000000E+00
23:50:00,0.000000E+00,0.000000E+00,0.000000E+00,0.000000E+00,0.000000E+00,0.000000E+00,0.000000E+00,0.000000E+00,0.000000E+00,0.000000E+00,0.000000E+00,0.000000E+00,0.000000E+00,0.000000E+00,0.000000E+00,0.000000E+00,0.000000E+00,0.000000E+00,0.000000E+00,0.000000E+00,1.472424E+00,9.424912E+04,0.000000E+00,0.000000E+00,0.000000E+00,9.286039E-01,4.227014E+04,0.000000E+00,0.000000E+00,0.000000E+00,1.458524E+00,9.233347E+04,0.000000E+00,0.000000E+00,0.000000E+00
24:00:00,0.000000E+00,0.000000E+00,0.000000E+00,0.000000E+00,0.000000E+00,0.000000E+00,0.000000E+00,0.000000E+00,0.000000E+00,0.000000E+00,0.000000E+00,0.000000E+00,0.000000E+00,0.000000E+00,0.000000E+00,0.000000E+00,0.000000E+00,0.000000E+00,0.000000E+00,0.000000E+00,1.472462E+00,9.425157E+04,0.000000E+00,0.000000E+00,0.000000E+00,9.286317E-01,4.227140E+04,0.000000E+00,0.000000E+00,0.000000E+00,1.458563E+00,9.233590E+04,0.000000E+00,0.000000E+00,0.000000E+00
Coinc Peak   ,2.464243E+01,2.932254E+00,1.577349E+06,4.784822E+04
NonCoinc Peak,2.464243E+01,2.932254E+00,1.577349E+06,4.784822E+04
